rank_date,rank,country_full,country_abrv,total_points
2014-03-01,37,Canada,C,1316.71
2014-03-01,17,Mexico,M,1767.48
2014-03-01,20,United States,US,1762.22
2014-03-01,1,Argentina,A,2051.27
2014-03-01,1,Brazil,B,1982.32
2014-03-01,12,Uruguay,U,1848.68
2014-03-01,14,Colombia,C,1850.29
2014-03-01,28,Ecuador,E,1557.44
2014-03-01,4,England,E,1968.5
2014-03-01,25,Scotland,S,1550.94
2014-03-01,30,Wales,W,1524.71
2014-03-01,6,France,F,2033.22
2014-03-01,12,Germany,G,1860.89
2014-03-01,11,Netherlands,N,1939.98
2014-03-01,4,Belgium,B,1881.35
2014-03-01,14,Croatia,C,1858.94
2014-03-01,3,Spain,S,1950.0
2014-03-01,2,Portugal,P,1924.11
2014-03-01,12,Italy,I,1860.16
2014-03-01,11,Switzerland,S,1776.57
2014-03-01,17,Morocco,M,1789.71
2014-03-01,20,Senegal,S,1716.4
2014-03-01,37,Tunisia,T,1483.95
2014-03-01,35,Egypt,E,1508.11
2014-03-01,35,Nigeria,N,1469.25
2014-03-01,37,Ghana,G,1429.16
2014-03-01,37,Cameroon,C,1426.24
2014-03-01,34,Algeria,A,1424.65
2014-03-01,14,Japan,J,1731.57
2014-03-01,24,South Korea,SK,1659.39
2014-03-01,19,Iran,I,1649.34
2014-03-01,41,Saudi Arabia,SA,1370.67
2014-03-01,25,Australia,A,1603.19
2014-03-01,33,Qatar,Q,1383.92
2014-03-01,44,Iraq,I,1219.64
2014-03-01,45,Uzbekistan,U,1205.62
2014-03-01,19,Denmark,D,1716.67
2014-03-01,38,Sweden,S,1316.26
2014-03-01,39,Norway,N,1317.52
2014-03-01,26,Poland,P,1548.09
2014-03-01,17,Austria,A,1652.21
2014-03-01,22,Serbia,S,1568.72
2014-03-01,27,Turkey,T,1529.36
2014-03-01,49,Czech Republic,CR,1197.22
2014-03-01,38,Chile,C,1262.49
2014-03-01,41,Peru,P,1265.52
2014-03-01,44,Paraguay,P,1277.97
2014-03-01,49,Costa Rica,CR,1251.57
2014-06-01,45,Canada,C,1287.85
2014-06-01,14,Mexico,M,1758.92
2014-06-01,14,United States,US,1796.71
2014-06-01,1,Argentina,A,2027.24
2014-06-01,1,Brazil,B,1981.36
2014-06-01,7,Uruguay,U,1850.12
2014-06-01,14,Colombia,C,1798.41
2014-06-01,30,Ecuador,E,1540.58
2014-06-01,1,England,E,2005.51
2014-06-01,29,Scotland,S,1534.79
2014-06-01,28,Wales,W,1514.47
2014-06-01,3,France,F,2035.31
2014-06-01,7,Germany,G,1900.83
2014-06-01,6,Netherlands,N,1906.5
2014-06-01,10,Belgium,B,1909.8
2014-06-01,12,Croatia,C,1820.35
2014-06-01,5,Spain,S,1964.67
2014-06-01,9,Portugal,P,1945.21
2014-06-01,12,Italy,I,1889.77
2014-06-01,16,Switzerland,S,1769.72
2014-06-01,19,Morocco,M,1775.93
2014-06-01,21,Senegal,S,1690.27
2014-06-01,34,Tunisia,T,1453.79
2014-06-01,34,Egypt,E,1471.66
2014-06-01,33,Nigeria,N,1489.29
2014-06-01,40,Ghana,G,1368.85
2014-06-01,37,Cameroon,C,1391.19
2014-06-01,32,Algeria,A,1446.06
2014-06-01,18,Japan,J,1746.06
2014-06-01,27,South Korea,SK,1627.12
2014-06-01,26,Iran,I,1681.99
2014-06-01,38,Saudi Arabia,SA,1334.75
2014-06-01,26,Australia,A,1591.82
2014-06-01,33,Qatar,Q,1381.4
2014-06-01,50,Iraq,I,1219.22
2014-06-01,43,Uzbekistan,U,1174.93
2014-06-01,19,Denmark,D,1731.09
2014-06-01,37,Sweden,S,1318.34
2014-06-01,36,Norway,N,1370.54
2014-06-01,29,Poland,P,1595.34
2014-06-01,17,Austria,A,1645.5
2014-06-01,29,Serbia,S,1616.76
2014-06-01,23,Turkey,T,1578.11
2014-06-01,52,Czech Republic,CR,1161.09
2014-06-01,45,Chile,C,1268.55
2014-06-01,41,Peru,P,1262.06
2014-06-01,44,Paraguay,P,1273.34
2014-06-01,41,Costa Rica,CR,1261.39
2014-09-01,40,Canada,C,1285.03
2014-09-01,13,Mexico,M,1719.71
2014-09-01,13,United States,US,1763.39
2014-09-01,1,Argentina,A,2011.3
2014-09-01,6,Brazil,B,1962.73
2014-09-01,15,Uruguay,U,1848.07
2014-09-01,9,Colombia,C,1845.82
2014-09-01,28,Ecuador,E,1539.32
2014-09-01,2,England,E,2000.42
2014-09-01,33,Scotland,S,1511.22
2014-09-01,33,Wales,W,1535.15
2014-09-01,1,France,F,2009.26
2014-09-01,5,Germany,G,1865.94
2014-09-01,6,Netherlands,N,1900.95
2014-09-01,12,Belgium,B,1885.02
2014-09-01,15,Croatia,C,1819.3
2014-09-01,2,Spain,S,1992.14
2014-09-01,9,Portugal,P,1932.71
2014-09-01,10,Italy,I,1862.38
2014-09-01,11,Switzerland,S,1795.48
2014-09-01,17,Morocco,M,1755.37
2014-09-01,20,Senegal,S,1687.0
2014-09-01,35,Tunisia,T,1421.77
2014-09-01,32,Egypt,E,1441.39
2014-09-01,34,Nigeria,N,1459.98
2014-09-01,37,Ghana,G,1434.4
2014-09-01,38,Cameroon,C,1446.77
2014-09-01,37,Algeria,A,1422.38
2014-09-01,16,Japan,J,1716.04
2014-09-01,27,South Korea,SK,1615.75
2014-09-01,26,Iran,I,1646.34
2014-09-01,35,Saudi Arabia,SA,1343.21
2014-09-01,22,Australia,A,1607.63
2014-09-01,38,Qatar,Q,1381.16
2014-09-01,44,Iraq,I,1206.48
2014-09-01,47,Uzbekistan,U,1233.64
2014-09-01,16,Denmark,D,1737.13
2014-09-01,43,Sweden,S,1321.36
2014-09-01,42,Norway,N,1355.41
2014-09-01,24,Poland,P,1587.32
2014-09-01,25,Austria,A,1691.28
2014-09-01,29,Serbia,S,1583.15
2014-09-01,28,Turkey,T,1570.22
2014-09-01,49,Czech Republic,CR,1191.91
2014-09-01,44,Chile,C,1263.73
2014-09-01,39,Peru,P,1300.64
2014-09-01,42,Paraguay,P,1239.22
2014-09-01,42,Costa Rica,CR,1239.96
2014-12-01,44,Canada,C,1299.66
2014-12-01,16,Mexico,M,1777.69
2014-12-01,15,United States,US,1734.38
2014-12-01,1,Argentina,A,2047.97
2014-12-01,5,Brazil,B,2013.91
2014-12-01,13,Uruguay,U,1881.57
2014-12-01,9,Colombia,C,1823.83
2014-12-01,25,Ecuador,E,1513.62
2014-12-01,1,England,E,1973.91
2014-12-01,30,Scotland,S,1535.46
2014-12-01,26,Wales,W,1539.65
2014-12-01,3,France,F,1986.54
2014-12-01,12,Germany,G,1879.43
2014-12-01,11,Netherlands,N,1902.98
2014-12-01,8,Belgium,B,1905.38
2014-12-01,12,Croatia,C,1814.78
2014-12-01,3,Spain,S,1955.38
2014-12-01,10,Portugal,P,1963.61
2014-12-01,9,Italy,I,1841.02
2014-12-01,10,Switzerland,S,1807.04
2014-12-01,12,Morocco,M,1759.25
2014-12-01,18,Senegal,S,1717.53
2014-12-01,34,Tunisia,T,1475.21
2014-12-01,36,Egypt,E,1499.51
2014-12-01,32,Nigeria,N,1469.97
2014-12-01,40,Ghana,G,1401.73
2014-12-01,34,Cameroon,C,1424.93
2014-12-01,37,Algeria,A,1438.06
2014-12-01,19,Japan,J,1734.29
2014-12-01,27,South Korea,SK,1660.74
2014-12-01,19,Iran,I,1649.72
2014-12-01,40,Saudi Arabia,SA,1392.18
2014-12-01,21,Australia,A,1591.9
2014-12-01,41,Qatar,Q,1369.88
2014-12-01,43,Iraq,I,1221.91
2014-12-01,43,Uzbekistan,U,1211.1
2014-12-01,20,Denmark,D,1674.58
2014-12-01,40,Sweden,S,1359.56
2014-12-01,39,Norway,N,1340.33
2014-12-01,27,Poland,P,1551.76
2014-12-01,19,Austria,A,1704.77
2014-12-01,22,Serbia,S,1602.41
2014-12-01,26,Turkey,T,1588.72
2014-12-01,52,Czech Republic,CR,1172.86
2014-12-01,38,Chile,C,1297.22
2014-12-01,40,Peru,P,1281.79
2014-12-01,44,Paraguay,P,1268.73
2014-12-01,41,Costa Rica,CR,1228.66
2015-03-01,41,Canada,C,1291.04
2015-03-01,13,Mexico,M,1718.75
2015-03-01,20,United States,US,1784.17
2015-03-01,2,Argentina,A,2061.69
2015-03-01,1,Brazil,B,1977.49
2015-03-01,8,Uruguay,U,1873.4
2015-03-01,9,Colombia,C,1805.21
2015-03-01,25,Ecuador,E,1577.49
2015-03-01,1,England,E,2005.13
2015-03-01,32,Scotland,S,1559.26
2015-03-01,30,Wales,W,1525.63
2015-03-01,1,France,F,1981.49
2015-03-01,13,Germany,G,1868.77
2015-03-01,8,Netherlands,N,1919.21
2015-03-01,8,Belgium,B,1925.71
2015-03-01,11,Croatia,C,1800.5
2015-03-01,1,Spain,S,1926.84
2015-03-01,5,Portugal,P,1944.39
2015-03-01,12,Italy,I,1882.74
2015-03-01,10,Switzerland,S,1801.67
2015-03-01,11,Morocco,M,1772.1
2015-03-01,22,Senegal,S,1703.68
2015-03-01,35,Tunisia,T,1470.09
2015-03-01,36,Egypt,E,1448.64
2015-03-01,34,Nigeria,N,1465.26
2015-03-01,37,Ghana,G,1391.63
2015-03-01,36,Cameroon,C,1415.56
2015-03-01,30,Algeria,A,1419.67
2015-03-01,15,Japan,J,1732.2
2015-03-01,22,South Korea,SK,1629.91
2015-03-01,26,Iran,I,1658.76
2015-03-01,34,Saudi Arabia,SA,1392.13
2015-03-01,23,Australia,A,1639.88
2015-03-01,34,Qatar,Q,1352.97
2015-03-01,49,Iraq,I,1199.64
2015-03-01,43,Uzbekistan,U,1190.99
2015-03-01,18,Denmark,D,1742.87
2015-03-01,38,Sweden,S,1337.43
2015-03-01,42,Norway,N,1359.03
2015-03-01,23,Poland,P,1552.35
2015-03-01,25,Austria,A,1651.41
2015-03-01,26,Serbia,S,1627.83
2015-03-01,26,Turkey,T,1560.05
2015-03-01,48,Czech Republic,CR,1216.9
2015-03-01,46,Chile,C,1279.49
2015-03-01,42,Peru,P,1277.88
2015-03-01,44,Paraguay,P,1245.32
2015-03-01,49,Costa Rica,CR,1240.24
2015-06-01,37,Canada,C,1301.26
2015-06-01,19,Mexico,M,1758.39
2015-06-01,19,United States,US,1746.58
2015-06-01,1,Argentina,A,2060.84
2015-06-01,7,Brazil,B,1977.14
2015-06-01,15,Uruguay,U,1831.75
2015-06-01,14,Colombia,C,1831.74
2015-06-01,26,Ecuador,E,1513.51
2015-06-01,3,England,E,1991.88
2015-06-01,32,Scotland,S,1559.71
2015-06-01,26,Wales,W,1509.92
2015-06-01,1,France,F,1997.92
2015-06-01,11,Germany,G,1874.03
2015-06-01,4,Netherlands,N,1893.18
2015-06-01,10,Belgium,B,1905.68
2015-06-01,14,Croatia,C,1825.93
2015-06-01,1,Spain,S,1940.71
2015-06-01,8,Portugal,P,1919.91
2015-06-01,12,Italy,I,1872.27
2015-06-01,14,Switzerland,S,1765.19
2015-06-01,16,Morocco,M,1810.61
2015-06-01,21,Senegal,S,1719.59
2015-06-01,33,Tunisia,T,1477.72
2015-06-01,31,Egypt,E,1492.01
2015-06-01,32,Nigeria,N,1507.81
2015-06-01,38,Ghana,G,1427.6
2015-06-01,31,Cameroon,C,1441.52
2015-06-01,38,Algeria,A,1430.17
2015-06-01,18,Japan,J,1751.1
2015-06-01,27,South Korea,SK,1633.45
2015-06-01,26,Iran,I,1637.21
2015-06-01,40,Saudi Arabia,SA,1363.71
2015-06-01,23,Australia,A,1592.23
2015-06-01,33,Qatar,Q,1368.65
2015-06-01,46,Iraq,I,1192.99
2015-06-01,46,Uzbekistan,U,1222.99
2015-06-01,19,Denmark,D,1696.63
2015-06-01,42,Sweden,S,1297.7
2015-06-01,39,Norway,N,1338.32
2015-06-01,26,Poland,P,1601.77
2015-06-01,17,Austria,A,1645.7
2015-06-01,26,Serbia,S,1623.52
2015-06-01,25,Turkey,T,1560.07
2015-06-01,44,Czech Republic,CR,1181.79
2015-06-01,45,Chile,C,1261.59
2015-06-01,44,Peru,P,1274.61
2015-06-01,48,Paraguay,P,1238.25
2015-06-01,41,Costa Rica,CR,1245.57
2015-09-01,38,Canada,C,1296.35
2015-09-01,21,Mexico,M,1730.98
2015-09-01,13,United States,US,1757.83
2015-09-01,1,Argentina,A,2050.62
2015-09-01,3,Brazil,B,1979.17
2015-09-01,14,Uruguay,U,1825.91
2015-09-01,11,Colombia,C,1791.28
2015-09-01,24,Ecuador,E,1527.29
2015-09-01,1,England,E,1955.9
2015-09-01,33,Scotland,S,1553.24
2015-09-01,31,Wales,W,1477.94
2015-09-01,1,France,F,1983.26
2015-09-01,9,Germany,G,1921.27
2015-09-01,3,Netherlands,N,1936.49
2015-09-01,9,Belgium,B,1908.83
2015-09-01,8,Croatia,C,1841.04
2015-09-01,6,Spain,S,1932.64
2015-09-01,10,Portugal,P,1938.07
2015-09-01,14,Italy,I,1840.42
2015-09-01,13,Switzerland,S,1785.81
2015-09-01,16,Morocco,M,1803.04
2015-09-01,22,Senegal,S,1660.0
2015-09-01,35,Tunisia,T,1482.31
2015-09-01,30,Egypt,E,1440.73
2015-09-01,32,Nigeria,N,1480.45
2015-09-01,38,Ghana,G,1429.82
2015-09-01,36,Cameroon,C,1417.95
2015-09-01,34,Algeria,A,1446.53
2015-09-01,16,Japan,J,1716.78
2015-09-01,23,South Korea,SK,1666.12
2015-09-01,18,Iran,I,1626.44
2015-09-01,37,Saudi Arabia,SA,1387.56
2015-09-01,28,Australia,A,1633.1
2015-09-01,41,Qatar,Q,1403.84
2015-09-01,47,Iraq,I,1252.8
2015-09-01,49,Uzbekistan,U,1227.15
2015-09-01,15,Denmark,D,1718.99
2015-09-01,38,Sweden,S,1321.68
2015-09-01,36,Norway,N,1379.86
2015-09-01,25,Poland,P,1586.58
2015-09-01,25,Austria,A,1688.38
2015-09-01,29,Serbia,S,1616.31
2015-09-01,31,Turkey,T,1584.87
2015-09-01,51,Czech Republic,CR,1197.14
2015-09-01,46,Chile,C,1289.87
2015-09-01,43,Peru,P,1254.65
2015-09-01,44,Paraguay,P,1286.77
2015-09-01,46,Costa Rica,CR,1222.02
2015-12-01,42,Canada,C,1293.16
2015-12-01,18,Mexico,M,1761.37
2015-12-01,13,United States,US,1775.52
2015-12-01,4,Argentina,A,2048.3
2015-12-01,5,Brazil,B,1986.33
2015-12-01,12,Uruguay,U,1856.23
2015-12-01,10,Colombia,C,1845.02
2015-12-01,31,Ecuador,E,1553.37
2015-12-01,7,England,E,1998.04
2015-12-01,28,Scotland,S,1532.85
2015-12-01,28,Wales,W,1539.8
2015-12-01,1,France,F,2033.35
2015-12-01,11,Germany,G,1900.19
2015-12-01,5,Netherlands,N,1931.39
2015-12-01,8,Belgium,B,1894.91
2015-12-01,9,Croatia,C,1804.71
2015-12-01,7,Spain,S,1960.35
2015-12-01,4,Portugal,P,1947.32
2015-12-01,9,Italy,I,1897.99
2015-12-01,17,Switzerland,S,1764.09
2015-12-01,12,Morocco,M,1774.3
2015-12-01,24,Senegal,S,1704.8
2015-12-01,36,Tunisia,T,1473.0
2015-12-01,30,Egypt,E,1499.86
2015-12-01,33,Nigeria,N,1458.68
2015-12-01,34,Ghana,G,1436.3
2015-12-01,33,Cameroon,C,1421.04
2015-12-01,38,Algeria,A,1467.3
2015-12-01,20,Japan,J,1715.81
2015-12-01,25,South Korea,SK,1649.79
2015-12-01,21,Iran,I,1668.84
2015-12-01,35,Saudi Arabia,SA,1354.58
2015-12-01,25,Australia,A,1624.4
2015-12-01,34,Qatar,Q,1418.59
2015-12-01,42,Iraq,I,1192.16
2015-12-01,48,Uzbekistan,U,1235.49
2015-12-01,21,Denmark,D,1717.16
2015-12-01,42,Sweden,S,1315.25
2015-12-01,42,Norway,N,1362.01
2015-12-01,24,Poland,P,1597.66
2015-12-01,25,Austria,A,1642.87
2015-12-01,21,Serbia,S,1606.55
2015-12-01,28,Turkey,T,1576.17
2015-12-01,51,Czech Republic,CR,1177.56
2015-12-01,45,Chile,C,1271.37
2015-12-01,43,Peru,P,1307.13
2015-12-01,41,Paraguay,P,1239.26
2015-12-01,48,Costa Rica,CR,1228.88
2016-03-01,45,Canada,C,1339.81
2016-03-01,21,Mexico,M,1768.08
2016-03-01,18,United States,US,1746.97
2016-03-01,3,Argentina,A,2019.3
2016-03-01,1,Brazil,B,2027.75
2016-03-01,7,Uruguay,U,1873.98
2016-03-01,12,Colombia,C,1811.14
2016-03-01,28,Ecuador,E,1551.26
2016-03-01,5,England,E,1949.96
2016-03-01,29,Scotland,S,1504.59
2016-03-01,30,Wales,W,1494.17
2016-03-01,5,France,F,1994.65
2016-03-01,7,Germany,G,1873.19
2016-03-01,7,Netherlands,N,1958.22
2016-03-01,5,Belgium,B,1935.72
2016-03-01,12,Croatia,C,1808.87
2016-03-01,4,Spain,S,1963.65
2016-03-01,10,Portugal,P,1959.84
2016-03-01,6,Italy,I,1876.89
2016-03-01,10,Switzerland,S,1830.19
2016-03-01,19,Morocco,M,1782.65
2016-03-01,19,Senegal,S,1655.47
2016-03-01,29,Tunisia,T,1446.87
2016-03-01,32,Egypt,E,1504.93
2016-03-01,33,Nigeria,N,1508.25
2016-03-01,40,Ghana,G,1375.83
2016-03-01,38,Cameroon,C,1405.65
2016-03-01,31,Algeria,A,1453.14
2016-03-01,15,Japan,J,1722.11
2016-03-01,25,South Korea,SK,1635.53
2016-03-01,19,Iran,I,1679.52
2016-03-01,38,Saudi Arabia,SA,1382.21
2016-03-01,21,Australia,A,1650.79
2016-03-01,34,Qatar,Q,1401.1
2016-03-01,45,Iraq,I,1237.92
2016-03-01,48,Uzbekistan,U,1179.97
2016-03-01,20,Denmark,D,1692.33
2016-03-01,44,Sweden,S,1342.05
2016-03-01,36,Norway,N,1362.48
2016-03-01,27,Poland,P,1609.46
2016-03-01,17,Austria,A,1667.34
2016-03-01,29,Serbia,S,1587.23
2016-03-01,31,Turkey,T,1575.28
2016-03-01,44,Czech Republic,CR,1217.44
2016-03-01,38,Chile,C,1276.21
2016-03-01,45,Peru,P,1302.05
2016-03-01,43,Paraguay,P,1270.13
2016-03-01,45,Costa Rica,CR,1237.91
2016-06-01,44,Canada,C,1333.97
2016-06-01,20,Mexico,M,1728.78
2016-06-01,15,United States,US,1771.43
2016-06-01,1,Argentina,A,2063.56
2016-06-01,2,Brazil,B,1961.22
2016-06-01,8,Uruguay,U,1851.35
2016-06-01,12,Colombia,C,1830.7
2016-06-01,24,Ecuador,E,1540.27
2016-06-01,4,England,E,1985.94
2016-06-01,28,Scotland,S,1537.64
2016-06-01,33,Wales,W,1512.13
2016-06-01,1,France,F,2040.45
2016-06-01,8,Germany,G,1914.25
2016-06-01,10,Netherlands,N,1923.32
2016-06-01,10,Belgium,B,1912.85
2016-06-01,16,Croatia,C,1832.67
2016-06-01,2,Spain,S,1940.33
2016-06-01,6,Portugal,P,1936.37
2016-06-01,13,Italy,I,1857.78
2016-06-01,16,Switzerland,S,1771.11
2016-06-01,18,Morocco,M,1811.94
2016-06-01,17,Senegal,S,1679.33
2016-06-01,35,Tunisia,T,1470.34
2016-06-01,35,Egypt,E,1497.81
2016-06-01,34,Nigeria,N,1499.07
2016-06-01,35,Ghana,G,1369.03
2016-06-01,35,Cameroon,C,1420.52
2016-06-01,36,Algeria,A,1407.26
2016-06-01,19,Japan,J,1709.31
2016-06-01,24,South Korea,SK,1629.79
2016-06-01,25,Iran,I,1648.76
2016-06-01,38,Saudi Arabia,SA,1394.87
2016-06-01,24,Australia,A,1616.99
2016-06-01,36,Qatar,Q,1372.79
2016-06-01,42,Iraq,I,1208.6
2016-06-01,49,Uzbekistan,U,1184.49
2016-06-01,17,Denmark,D,1710.52
2016-06-01,37,Sweden,S,1361.35
2016-06-01,40,Norway,N,1322.05
2016-06-01,30,Poland,P,1548.39
2016-06-01,17,Austria,A,1693.17
2016-06-01,22,Serbia,S,1619.63
2016-06-01,28,Turkey,T,1592.86
2016-06-01,52,Czech Republic,CR,1155.44
2016-06-01,38,Chile,C,1295.31
2016-06-01,44,Peru,P,1278.48
2016-06-01,42,Paraguay,P,1281.67
2016-06-01,47,Costa Rica,CR,1265.18
2016-09-01,40,Canada,C,1297.31
2016-09-01,15,Mexico,M,1772.75
2016-09-01,17,United States,US,1755.94
2016-09-01,5,Argentina,A,2048.33
2016-09-01,1,Brazil,B,1963.53
2016-09-01,7,Uruguay,U,1869.86
2016-09-01,17,Colombia,C,1788.18
2016-09-01,30,Ecuador,E,1566.39
2016-09-01,1,England,E,1953.99
2016-09-01,29,Scotland,S,1494.7
2016-09-01,29,Wales,W,1477.36
2016-09-01,1,France,F,2035.91
2016-09-01,11,Germany,G,1898.87
2016-09-01,5,Netherlands,N,1946.28
2016-09-01,8,Belgium,B,1931.34
2016-09-01,9,Croatia,C,1804.17
2016-09-01,7,Spain,S,1926.41
2016-09-01,10,Portugal,P,1949.34
2016-09-01,8,Italy,I,1841.69
2016-09-01,16,Switzerland,S,1776.6
2016-09-01,15,Morocco,M,1799.93
2016-09-01,22,Senegal,S,1690.86
2016-09-01,29,Tunisia,T,1442.15
2016-09-01,35,Egypt,E,1453.19
2016-09-01,31,Nigeria,N,1524.85
2016-09-01,39,Ghana,G,1393.36
2016-09-01,37,Cameroon,C,1391.51
2016-09-01,36,Algeria,A,1442.27
2016-09-01,21,Japan,J,1710.91
2016-09-01,27,South Korea,SK,1636.46
2016-09-01,24,Iran,I,1620.2
2016-09-01,41,Saudi Arabia,SA,1381.93
2016-09-01,25,Australia,A,1636.39
2016-09-01,34,Qatar,Q,1380.66
2016-09-01,42,Iraq,I,1214.81
2016-09-01,46,Uzbekistan,U,1200.3
2016-09-01,22,Denmark,D,1712.42
2016-09-01,40,Sweden,S,1318.27
2016-09-01,36,Norway,N,1319.68
2016-09-01,24,Poland,P,1561.54
2016-09-01,24,Austria,A,1678.54
2016-09-01,22,Serbia,S,1574.89
2016-09-01,30,Turkey,T,1565.64
2016-09-01,47,Czech Republic,CR,1155.13
2016-09-01,45,Chile,C,1276.64
2016-09-01,43,Peru,P,1292.84
2016-09-01,42,Paraguay,P,1225.56
2016-09-01,47,Costa Rica,CR,1266.0
2016-12-01,41,Canada,C,1325.33
2016-12-01,21,Mexico,M,1764.63
2016-12-01,20,United States,US,1761.99
2016-12-01,1,Argentina,A,2019.53
2016-12-01,6,Brazil,B,1997.01
2016-12-01,8,Uruguay,U,1881.49
2016-12-01,15,Colombia,C,1829.95
2016-12-01,30,Ecuador,E,1519.91
2016-12-01,1,England,E,1954.35
2016-12-01,26,Scotland,S,1504.63
2016-12-01,33,Wales,W,1535.88
2016-12-01,1,France,F,1981.73
2016-12-01,11,Germany,G,1887.66
2016-12-01,11,Netherlands,N,1923.1
2016-12-01,12,Belgium,B,1900.27
2016-12-01,8,Croatia,C,1819.77
2016-12-01,7,Spain,S,1994.7
2016-12-01,6,Portugal,P,1943.57
2016-12-01,11,Italy,I,1874.47
2016-12-01,12,Switzerland,S,1772.91
2016-12-01,19,Morocco,M,1792.95
2016-12-01,21,Senegal,S,1691.36
2016-12-01,33,Tunisia,T,1454.05
2016-12-01,31,Egypt,E,1504.53
2016-12-01,29,Nigeria,N,1468.5
2016-12-01,39,Ghana,G,1367.69
2016-12-01,37,Cameroon,C,1397.55
2016-12-01,37,Algeria,A,1407.69
2016-12-01,14,Japan,J,1712.83
2016-12-01,22,South Korea,SK,1614.95
2016-12-01,19,Iran,I,1656.64
2016-12-01,39,Saudi Arabia,SA,1337.63
2016-12-01,27,Australia,A,1624.61
2016-12-01,34,Qatar,Q,1373.53
2016-12-01,50,Iraq,I,1248.83
2016-12-01,48,Uzbekistan,U,1213.02
2016-12-01,18,Denmark,D,1692.22
2016-12-01,42,Sweden,S,1335.91
2016-12-01,39,Norway,N,1338.71
2016-12-01,28,Poland,P,1612.4
2016-12-01,25,Austria,A,1674.87
2016-12-01,24,Serbia,S,1570.42
2016-12-01,25,Turkey,T,1536.21
2016-12-01,47,Czech Republic,CR,1170.6
2016-12-01,42,Chile,C,1298.46
2016-12-01,41,Peru,P,1296.78
2016-12-01,46,Paraguay,P,1246.11
2016-12-01,45,Costa Rica,CR,1272.67
2017-03-01,44,Canada,C,1291.65
2017-03-01,13,Mexico,M,1763.84
2017-03-01,15,United States,US,1733.39
2017-03-01,1,Argentina,A,2007.03
2017-03-01,6,Brazil,B,2022.22
2017-03-01,12,Uruguay,U,1822.45
2017-03-01,9,Colombia,C,1790.59
2017-03-01,31,Ecuador,E,1540.78
2017-03-01,7,England,E,1965.9
2017-03-01,33,Scotland,S,1546.2
2017-03-01,29,Wales,W,1514.21
2017-03-01,4,France,F,2033.17
2017-03-01,12,Germany,G,1877.85
2017-03-01,11,Netherlands,N,1911.19
2017-03-01,5,Belgium,B,1932.83
2017-03-01,11,Croatia,C,1865.88
2017-03-01,5,Spain,S,1974.79
2017-03-01,8,Portugal,P,1946.23
2017-03-01,13,Italy,I,1883.66
2017-03-01,14,Switzerland,S,1810.98
2017-03-01,19,Morocco,M,1807.98
2017-03-01,21,Senegal,S,1667.46
2017-03-01,34,Tunisia,T,1480.88
2017-03-01,33,Egypt,E,1489.99
2017-03-01,30,Nigeria,N,1500.19
2017-03-01,35,Ghana,G,1393.77
2017-03-01,33,Cameroon,C,1450.32
2017-03-01,30,Algeria,A,1416.71
2017-03-01,19,Japan,J,1727.82
2017-03-01,19,South Korea,SK,1642.03
2017-03-01,23,Iran,I,1625.59
2017-03-01,39,Saudi Arabia,SA,1395.11
2017-03-01,28,Australia,A,1647.51
2017-03-01,37,Qatar,Q,1351.35
2017-03-01,46,Iraq,I,1231.92
2017-03-01,49,Uzbekistan,U,1172.07
2017-03-01,19,Denmark,D,1692.19
2017-03-01,36,Sweden,S,1362.98
2017-03-01,35,Norway,N,1373.42
2017-03-01,29,Poland,P,1616.81
2017-03-01,24,Austria,A,1671.32
2017-03-01,28,Serbia,S,1617.5
2017-03-01,31,Turkey,T,1585.52
2017-03-01,44,Czech Republic,CR,1176.87
2017-03-01,40,Chile,C,1308.39
2017-03-01,41,Peru,P,1301.96
2017-03-01,42,Paraguay,P,1228.8
2017-03-01,42,Costa Rica,CR,1208.92
2017-06-01,37,Canada,C,1299.0
2017-06-01,21,Mexico,M,1728.42
2017-06-01,15,United States,US,1772.86
2017-06-01,1,Argentina,A,2020.29
2017-06-01,4,Brazil,B,2023.84
2017-06-01,9,Uruguay,U,1880.4
2017-06-01,14,Colombia,C,1817.14
2017-06-01,30,Ecuador,E,1540.15
2017-06-01,1,England,E,1947.55
2017-06-01,33,Scotland,S,1503.33
2017-06-01,30,Wales,W,1480.88
2017-06-01,5,France,F,1982.12
2017-06-01,8,Germany,G,1901.21
2017-06-01,9,Netherlands,N,1901.11
2017-06-01,4,Belgium,B,1892.78
2017-06-01,16,Croatia,C,1823.55
2017-06-01,6,Spain,S,1957.64
2017-06-01,3,Portugal,P,1946.63
2017-06-01,13,Italy,I,1841.17
2017-06-01,11,Switzerland,S,1775.78
2017-06-01,12,Morocco,M,1758.0
2017-06-01,16,Senegal,S,1708.67
2017-06-01,29,Tunisia,T,1436.23
2017-06-01,33,Egypt,E,1471.22
2017-06-01,30,Nigeria,N,1478.54
2017-06-01,35,Ghana,G,1419.32
2017-06-01,33,Cameroon,C,1406.73
2017-06-01,36,Algeria,A,1452.41
2017-06-01,16,Japan,J,1710.53
2017-06-01,24,South Korea,SK,1629.98
2017-06-01,21,Iran,I,1638.1
2017-06-01,37,Saudi Arabia,SA,1343.4
2017-06-01,24,Australia,A,1601.15
2017-06-01,40,Qatar,Q,1367.52
2017-06-01,49,Iraq,I,1211.86
2017-06-01,48,Uzbekistan,U,1193.42
2017-06-01,23,Denmark,D,1704.48
2017-06-01,38,Sweden,S,1297.57
2017-06-01,41,Norway,N,1323.9
2017-06-01,25,Poland,P,1616.56
2017-06-01,23,Austria,A,1661.28
2017-06-01,25,Serbia,S,1579.52
2017-06-01,31,Turkey,T,1567.61
2017-06-01,48,Czech Republic,CR,1157.35
2017-06-01,41,Chile,C,1277.07
2017-06-01,46,Peru,P,1259.26
2017-06-01,41,Paraguay,P,1259.19
2017-06-01,43,Costa Rica,CR,1238.26
2017-09-01,44,Canada,C,1318.08
2017-09-01,18,Mexico,M,1748.46
2017-09-01,12,United States,US,1749.57
2017-09-01,1,Argentina,A,2041.06
2017-09-01,1,Brazil,B,1972.11
2017-09-01,14,Uruguay,U,1840.43
2017-09-01,10,Colombia,C,1794.1
2017-09-01,29,Ecuador,E,1532.44
2017-09-01,7,England,E,1981.27
2017-09-01,25,Scotland,S,1523.73
2017-09-01,33,Wales,W,1516.55
2017-09-01,4,France,F,2030.17
2017-09-01,12,Germany,G,1911.39
2017-09-01,7,Netherlands,N,1939.64
2017-09-01,9,Belgium,B,1904.78
2017-09-01,14,Croatia,C,1820.01
2017-09-01,4,Spain,S,1978.42
2017-09-01,10,Portugal,P,1914.55
2017-09-01,12,Italy,I,1889.19
2017-09-01,16,Switzerland,S,1804.52
2017-09-01,13,Morocco,M,1780.85
2017-09-01,20,Senegal,S,1717.06
2017-09-01,37,Tunisia,T,1434.89
2017-09-01,30,Egypt,E,1448.09
2017-09-01,32,Nigeria,N,1512.2
2017-09-01,32,Ghana,G,1434.92
2017-09-01,35,Cameroon,C,1440.5
2017-09-01,32,Algeria,A,1459.1
2017-09-01,21,Japan,J,1718.72
2017-09-01,26,South Korea,SK,1601.06
2017-09-01,20,Iran,I,1633.03
2017-09-01,36,Saudi Arabia,SA,1352.09
2017-09-01,21,Australia,A,1595.92
2017-09-01,36,Qatar,Q,1379.56
2017-09-01,45,Iraq,I,1197.79
2017-09-01,51,Uzbekistan,U,1228.2
2017-09-01,20,Denmark,D,1673.35
2017-09-01,38,Sweden,S,1319.13
2017-09-01,42,Norway,N,1351.49
2017-09-01,28,Poland,P,1595.91
2017-09-01,24,Austria,A,1683.79
2017-09-01,28,Serbia,S,1614.44
2017-09-01,24,Turkey,T,1556.13
2017-09-01,49,Czech Republic,CR,1204.41
2017-09-01,40,Chile,C,1286.99
2017-09-01,44,Peru,P,1303.86
2017-09-01,46,Paraguay,P,1264.79
2017-09-01,49,Costa Rica,CR,1210.02
2017-12-01,44,Canada,C,1323.89
2017-12-01,13,Mexico,M,1724.52
2017-12-01,14,United States,US,1780.75
2017-12-01,2,Argentina,A,2022.36
2017-12-01,7,Brazil,B,2018.63
2017-12-01,13,Uruguay,U,1881.02
2017-12-01,12,Colombia,C,1790.67
2017-12-01,27,Ecuador,E,1514.1
2017-12-01,4,England,E,1973.48
2017-12-01,30,Scotland,S,1519.88
2017-12-01,28,Wales,W,1504.8
2017-12-01,2,France,F,2000.78
2017-12-01,12,Germany,G,1855.44
2017-12-01,9,Netherlands,N,1901.57
2017-12-01,10,Belgium,B,1918.76
2017-12-01,9,Croatia,C,1831.54
2017-12-01,2,Spain,S,1949.24
2017-12-01,3,Portugal,P,1952.91
2017-12-01,12,Italy,I,1891.25
2017-12-01,10,Switzerland,S,1774.26
2017-12-01,13,Morocco,M,1785.23
2017-12-01,22,Senegal,S,1703.04
2017-12-01,29,Tunisia,T,1455.03
2017-12-01,34,Egypt,E,1468.57
2017-12-01,27,Nigeria,N,1478.21
2017-12-01,36,Ghana,G,1418.94
2017-12-01,32,Cameroon,C,1427.25
2017-12-01,37,Algeria,A,1438.14
2017-12-01,21,Japan,J,1740.84
2017-12-01,27,South Korea,SK,1669.02
2017-12-01,19,Iran,I,1673.98
2017-12-01,40,Saudi Arabia,SA,1368.22
2017-12-01,26,Australia,A,1643.92
2017-12-01,34,Qatar,Q,1359.53
2017-12-01,47,Iraq,I,1253.37
2017-12-01,47,Uzbekistan,U,1182.83
2017-12-01,22,Denmark,D,1703.44
2017-12-01,43,Sweden,S,1314.72
2017-12-01,36,Norway,N,1373.75
2017-12-01,29,Poland,P,1572.7
2017-12-01,22,Austria,A,1654.66
2017-12-01,26,Serbia,S,1612.25
2017-12-01,23,Turkey,T,1566.99
2017-12-01,46,Czech Republic,CR,1171.53
2017-12-01,44,Chile,C,1260.23
2017-12-01,44,Peru,P,1261.84
2017-12-01,40,Paraguay,P,1264.7
2017-12-01,46,Costa Rica,CR,1256.23
2018-03-01,45,Canada,C,1328.71
2018-03-01,16,Mexico,M,1721.27
2018-03-01,20,United States,US,1733.62
2018-03-01,1,Argentina,A,2041.3
2018-03-01,5,Brazil,B,2023.49
2018-03-01,12,Uruguay,U,1885.03
2018-03-01,12,Colombia,C,1845.31
2018-03-01,32,Ecuador,E,1550.83
2018-03-01,1,England,E,1948.36
2018-03-01,30,Scotland,S,1495.68
2018-03-01,27,Wales,W,1501.73
2018-03-01,1,France,F,2002.64
2018-03-01,9,Germany,G,1882.58
2018-03-01,3,Netherlands,N,1901.88
2018-03-01,8,Belgium,B,1921.51
2018-03-01,9,Croatia,C,1857.58
2018-03-01,7,Spain,S,1992.56
2018-03-01,5,Portugal,P,1946.96
2018-03-01,10,Italy,I,1878.09
2018-03-01,18,Switzerland,S,1822.8
2018-03-01,14,Morocco,M,1793.6
2018-03-01,16,Senegal,S,1681.2
2018-03-01,36,Tunisia,T,1436.06
2018-03-01,34,Egypt,E,1458.24
2018-03-01,29,Nigeria,N,1476.38
2018-03-01,32,Ghana,G,1409.32
2018-03-01,33,Cameroon,C,1432.47
2018-03-01,34,Algeria,A,1403.35
2018-03-01,17,Japan,J,1692.31
2018-03-01,25,South Korea,SK,1647.0
2018-03-01,22,Iran,I,1637.69
2018-03-01,39,Saudi Arabia,SA,1337.8
2018-03-01,23,Australia,A,1584.27
2018-03-01,38,Qatar,Q,1364.47
2018-03-01,46,Iraq,I,1237.97
2018-03-01,50,Uzbekistan,U,1210.15
2018-03-01,20,Denmark,D,1710.9
2018-03-01,43,Sweden,S,1360.09
2018-03-01,35,Norway,N,1337.01
2018-03-01,27,Poland,P,1571.25
2018-03-01,24,Austria,A,1647.62
2018-03-01,28,Serbia,S,1579.74
2018-03-01,25,Turkey,T,1576.11
2018-03-01,48,Czech Republic,CR,1179.21
2018-03-01,39,Chile,C,1303.2
2018-03-01,47,Peru,P,1309.95
2018-03-01,41,Paraguay,P,1237.53
2018-03-01,49,Costa Rica,CR,1230.84
2018-06-01,41,Canada,C,1329.56
2018-06-01,20,Mexico,M,1756.22
2018-06-01,12,United States,US,1737.91
2018-06-01,1,Argentina,A,2040.7
2018-06-01,5,Brazil,B,1990.08
2018-06-01,7,Uruguay,U,1869.6
2018-06-01,13,Colombia,C,1819.95
2018-06-01,31,Ecuador,E,1580.28
2018-06-01,6,England,E,2007.48
2018-06-01,27,Scotland,S,1519.49
2018-06-01,27,Wales,W,1481.79
2018-06-01,1,France,F,1993.79
2018-06-01,6,Germany,G,1892.95
2018-06-01,5,Netherlands,N,1949.54
2018-06-01,10,Belgium,B,1909.5
2018-06-01,13,Croatia,C,1851.59
2018-06-01,7,Spain,S,1988.03
2018-06-01,6,Portugal,P,1929.36
2018-06-01,11,Italy,I,1879.12
2018-06-01,15,Switzerland,S,1798.16
2018-06-01,19,Morocco,M,1772.45
2018-06-01,22,Senegal,S,1689.64
2018-06-01,36,Tunisia,T,1441.04
2018-06-01,35,Egypt,E,1449.99
2018-06-01,29,Nigeria,N,1485.0
2018-06-01,32,Ghana,G,1404.29
2018-06-01,36,Cameroon,C,1438.41
2018-06-01,32,Algeria,A,1450.83
2018-06-01,15,Japan,J,1717.83
2018-06-01,25,South Korea,SK,1669.2
2018-06-01,24,Iran,I,1632.22
2018-06-01,34,Saudi Arabia,SA,1374.32
2018-06-01,22,Australia,A,1625.68
2018-06-01,41,Qatar,Q,1418.92
2018-06-01,48,Iraq,I,1253.18
2018-06-01,48,Uzbekistan,U,1211.69
2018-06-01,17,Denmark,D,1712.85
2018-06-01,43,Sweden,S,1342.91
2018-06-01,40,Norway,N,1314.59
2018-06-01,28,Poland,P,1585.64
2018-06-01,20,Austria,A,1696.52
2018-06-01,23,Serbia,S,1597.04
2018-06-01,26,Turkey,T,1541.26
2018-06-01,47,Czech Republic,CR,1173.59
2018-06-01,42,Chile,C,1263.54
2018-06-01,39,Peru,P,1255.49
2018-06-01,47,Paraguay,P,1255.14
2018-06-01,48,Costa Rica,CR,1274.28
2018-09-01,39,Canada,C,1345.1
2018-09-01,21,Mexico,M,1753.9
2018-09-01,17,United States,US,1788.05
2018-09-01,1,Argentina,A,2014.14
2018-09-01,1,Brazil,B,1961.48
2018-09-01,7,Uruguay,U,1864.74
2018-09-01,15,Colombia,C,1841.69
2018-09-01,31,Ecuador,E,1571.35
2018-09-01,1,England,E,1997.81
2018-09-01,29,Scotland,S,1554.83
2018-09-01,34,Wales,W,1483.47
2018-09-01,6,France,F,2029.03
2018-09-01,12,Germany,G,1886.66
2018-09-01,3,Netherlands,N,1909.51
2018-09-01,10,Belgium,B,1928.98
2018-09-01,8,Croatia,C,1824.44
2018-09-01,9,Spain,S,1969.05
2018-09-01,9,Portugal,P,1937.0
2018-09-01,7,Italy,I,1842.25
2018-09-01,14,Switzerland,S,1816.06
2018-09-01,12,Morocco,M,1795.54
2018-09-01,21,Senegal,S,1683.9
2018-09-01,34,Tunisia,T,1430.94
2018-09-01,31,Egypt,E,1494.69
2018-09-01,30,Nigeria,N,1475.52
2018-09-01,37,Ghana,G,1411.94
2018-09-01,32,Cameroon,C,1417.08
2018-09-01,37,Algeria,A,1455.68
2018-09-01,18,Japan,J,1714.97
2018-09-01,26,South Korea,SK,1624.15
2018-09-01,25,Iran,I,1667.97
2018-09-01,38,Saudi Arabia,SA,1372.61
2018-09-01,22,Australia,A,1593.36
2018-09-01,37,Qatar,Q,1350.82
2018-09-01,47,Iraq,I,1226.45
2018-09-01,47,Uzbekistan,U,1190.47
2018-09-01,17,Denmark,D,1712.73
2018-09-01,40,Sweden,S,1328.27
2018-09-01,42,Norway,N,1360.13
2018-09-01,24,Poland,P,1599.06
2018-09-01,19,Austria,A,1647.26
2018-09-01,25,Serbia,S,1625.14
2018-09-01,27,Turkey,T,1573.57
2018-09-01,44,Czech Republic,CR,1210.56
2018-09-01,42,Chile,C,1269.39
2018-09-01,39,Peru,P,1259.16
2018-09-01,48,Paraguay,P,1275.18
2018-09-01,49,Costa Rica,CR,1233.41
2018-12-01,39,Canada,C,1345.07
2018-12-01,15,Mexico,M,1750.1
2018-12-01,20,United States,US,1749.0
2018-12-01,2,Argentina,A,2023.46
2018-12-01,6,Brazil,B,2006.39
2018-12-01,15,Uruguay,U,1850.74
2018-12-01,16,Colombia,C,1843.8
2018-12-01,24,Ecuador,E,1557.81
2018-12-01,1,England,E,1966.97
2018-12-01,29,Scotland,S,1507.45
2018-12-01,28,Wales,W,1494.48
2018-12-01,1,France,F,2024.5
2018-12-01,10,Germany,G,1887.92
2018-12-01,3,Netherlands,N,1947.8
2018-12-01,12,Belgium,B,1933.87
2018-12-01,11,Croatia,C,1824.45
2018-12-01,1,Spain,S,1952.89
2018-12-01,3,Portugal,P,1973.64
2018-12-01,14,Italy,I,1839.7
2018-12-01,18,Switzerland,S,1830.32
2018-12-01,19,Morocco,M,1806.08
2018-12-01,16,Senegal,S,1686.26
2018-12-01,37,Tunisia,T,1438.36
2018-12-01,32,Egypt,E,1494.81
2018-12-01,29,Nigeria,N,1505.28
2018-12-01,35,Ghana,G,1382.98
2018-12-01,38,Cameroon,C,1397.42
2018-12-01,34,Algeria,A,1441.64
2018-12-01,15,Japan,J,1743.02
2018-12-01,20,South Korea,SK,1664.43
2018-12-01,20,Iran,I,1655.58
2018-12-01,34,Saudi Arabia,SA,1345.54
2018-12-01,23,Australia,A,1624.0
2018-12-01,40,Qatar,Q,1381.5
2018-12-01,50,Iraq,I,1248.71
2018-12-01,43,Uzbekistan,U,1191.32
2018-12-01,16,Denmark,D,1686.75
2018-12-01,37,Sweden,S,1325.93
2018-12-01,42,Norway,N,1326.82
2018-12-01,30,Poland,P,1588.26
2018-12-01,24,Austria,A,1658.0
2018-12-01,21,Serbia,S,1605.72
2018-12-01,24,Turkey,T,1579.4
2018-12-01,51,Czech Republic,CR,1205.42
2018-12-01,41,Chile,C,1300.23
2018-12-01,46,Peru,P,1310.46
2018-12-01,44,Paraguay,P,1275.82
2018-12-01,45,Costa Rica,CR,1239.48
2019-03-01,39,Canada,C,1300.0
2019-03-01,20,Mexico,M,1744.99
2019-03-01,16,United States,US,1745.49
2019-03-01,5,Argentina,A,2014.43
2019-03-01,3,Brazil,B,2008.45
2019-03-01,15,Uruguay,U,1838.62
2019-03-01,16,Colombia,C,1788.8
2019-03-01,26,Ecuador,E,1545.13
2019-03-01,5,England,E,2005.54
2019-03-01,33,Scotland,S,1525.94
2019-03-01,28,Wales,W,1487.52
2019-03-01,4,France,F,2026.11
2019-03-01,6,Germany,G,1917.77
2019-03-01,10,Netherlands,N,1912.97
2019-03-01,12,Belgium,B,1928.58
2019-03-01,11,Croatia,C,1853.52
2019-03-01,4,Spain,S,1939.93
2019-03-01,10,Portugal,P,1928.38
2019-03-01,14,Italy,I,1868.03
2019-03-01,14,Switzerland,S,1827.93
2019-03-01,14,Morocco,M,1784.97
2019-03-01,18,Senegal,S,1677.66
2019-03-01,32,Tunisia,T,1474.65
2019-03-01,30,Egypt,E,1498.67
2019-03-01,29,Nigeria,N,1479.8
2019-03-01,40,Ghana,G,1435.68
2019-03-01,37,Cameroon,C,1439.58
2019-03-01,34,Algeria,A,1419.01
2019-03-01,18,Japan,J,1724.04
2019-03-01,23,South Korea,SK,1626.96
2019-03-01,22,Iran,I,1642.36
2019-03-01,39,Saudi Arabia,SA,1389.05
2019-03-01,25,Australia,A,1614.48
2019-03-01,39,Qatar,Q,1388.43
2019-03-01,48,Iraq,I,1187.4
2019-03-01,49,Uzbekistan,U,1172.87
2019-03-01,21,Denmark,D,1697.75
2019-03-01,38,Sweden,S,1363.25
2019-03-01,39,Norway,N,1314.36
2019-03-01,25,Poland,P,1561.6
2019-03-01,21,Austria,A,1657.64
2019-03-01,26,Serbia,S,1566.66
2019-03-01,29,Turkey,T,1584.36
2019-03-01,49,Czech Republic,CR,1190.06
2019-03-01,41,Chile,C,1314.82
2019-03-01,47,Peru,P,1271.81
2019-03-01,44,Paraguay,P,1230.48
2019-03-01,44,Costa Rica,CR,1216.23
2019-06-01,44,Canada,C,1342.9
2019-06-01,20,Mexico,M,1775.64
2019-06-01,12,United States,US,1781.69
2019-06-01,3,Argentina,A,2045.15
2019-06-01,6,Brazil,B,1978.49
2019-06-01,13,Uruguay,U,1821.15
2019-06-01,9,Colombia,C,1825.77
2019-06-01,28,Ecuador,E,1548.65
2019-06-01,7,England,E,2007.65
2019-06-01,26,Scotland,S,1526.03
2019-06-01,27,Wales,W,1497.72
2019-06-01,4,France,F,2036.7
2019-06-01,7,Germany,G,1894.29
2019-06-01,6,Netherlands,N,1928.33
2019-06-01,11,Belgium,B,1888.17
2019-06-01,16,Croatia,C,1852.4
2019-06-01,5,Spain,S,1963.97
2019-06-01,6,Portugal,P,1955.27
2019-06-01,8,Italy,I,1889.05
2019-06-01,11,Switzerland,S,1823.95
2019-06-01,16,Morocco,M,1812.0
2019-06-01,21,Senegal,S,1718.36
2019-06-01,36,Tunisia,T,1473.31
2019-06-01,31,Egypt,E,1451.89
2019-06-01,34,Nigeria,N,1472.94
2019-06-01,37,Ghana,G,1390.31
2019-06-01,35,Cameroon,C,1402.88
2019-06-01,30,Algeria,A,1412.82
2019-06-01,20,Japan,J,1720.91
2019-06-01,26,South Korea,SK,1656.87
2019-06-01,26,Iran,I,1623.22
2019-06-01,42,Saudi Arabia,SA,1357.14
2019-06-01,26,Australia,A,1652.7
2019-06-01,41,Qatar,Q,1410.12
2019-06-01,47,Iraq,I,1242.31
2019-06-01,50,Uzbekistan,U,1188.79
2019-06-01,20,Denmark,D,1717.41
2019-06-01,37,Sweden,S,1334.57
2019-06-01,43,Norway,N,1367.64
2019-06-01,30,Poland,P,1558.08
2019-06-01,25,Austria,A,1696.24
2019-06-01,22,Serbia,S,1605.17
2019-06-01,30,Turkey,T,1571.7
2019-06-01,47,Czech Republic,CR,1203.63
2019-06-01,44,Chile,C,1316.24
2019-06-01,46,Peru,P,1272.59
2019-06-01,42,Paraguay,P,1268.53
2019-06-01,42,Costa Rica,CR,1217.72
2019-09-01,42,Canada,C,1308.78
2019-09-01,19,Mexico,M,1771.26
2019-09-01,18,United States,US,1767.23
2019-09-01,1,Argentina,A,2040.66
2019-09-01,5,Brazil,B,1962.32
2019-09-01,10,Uruguay,U,1839.57
2019-09-01,11,Colombia,C,1799.12
2019-09-01,27,Ecuador,E,1551.91
2019-09-01,5,England,E,1980.27
2019-09-01,28,Scotland,S,1546.89
2019-09-01,31,Wales,W,1537.53
2019-09-01,1,France,F,1992.22
2019-09-01,7,Germany,G,1867.43
2019-09-01,5,Netherlands,N,1896.06
2019-09-01,12,Belgium,B,1913.13
2019-09-01,8,Croatia,C,1853.56
2019-09-01,9,Spain,S,1949.4
2019-09-01,3,Portugal,P,1929.92
2019-09-01,11,Italy,I,1899.99
2019-09-01,13,Switzerland,S,1777.12
2019-09-01,13,Morocco,M,1774.7
2019-09-01,20,Senegal,S,1671.31
2019-09-01,32,Tunisia,T,1475.06
2019-09-01,28,Egypt,E,1448.61
2019-09-01,34,Nigeria,N,1465.62
2019-09-01,38,Ghana,G,1368.78
2019-09-01,34,Cameroon,C,1411.63
2019-09-01,37,Algeria,A,1433.7
2019-09-01,17,Japan,J,1705.39
2019-09-01,25,South Korea,SK,1642.32
2019-09-01,19,Iran,I,1625.5
2019-09-01,36,Saudi Arabia,SA,1366.47
2019-09-01,28,Australia,A,1591.52
2019-09-01,36,Qatar,Q,1357.43
2019-09-01,49,Iraq,I,1238.84
2019-09-01,48,Uzbekistan,U,1221.48
2019-09-01,20,Denmark,D,1702.06
2019-09-01,39,Sweden,S,1363.96
2019-09-01,43,Norway,N,1338.19
2019-09-01,26,Poland,P,1582.61
2019-09-01,24,Austria,A,1638.13
2019-09-01,27,Serbia,S,1621.24
2019-09-01,29,Turkey,T,1596.31
2019-09-01,45,Czech Republic,CR,1175.83
2019-09-01,42,Chile,C,1317.56
2019-09-01,45,Peru,P,1307.22
2019-09-01,44,Paraguay,P,1239.06
2019-09-01,42,Costa Rica,CR,1250.53
2019-12-01,43,Canada,C,1338.32
2019-12-01,13,Mexico,M,1775.59
2019-12-01,16,United States,US,1778.07
2019-12-01,2,Argentina,A,2000.18
2019-12-01,2,Brazil,B,1973.42
2019-12-01,7,Uruguay,U,1825.96
2019-12-01,11,Colombia,C,1790.82
2019-12-01,31,Ecuador,E,1564.36
2019-12-01,1,England,E,1984.73
2019-12-01,28,Scotland,S,1553.64
2019-12-01,30,Wales,W,1501.02
2019-12-01,4,France,F,2036.63
2019-12-01,11,Germany,G,1865.07
2019-12-01,11,Netherlands,N,1956.57
2019-12-01,6,Belgium,B,1896.55
2019-12-01,9,Croatia,C,1854.06
2019-12-01,1,Spain,S,1959.83
2019-12-01,6,Portugal,P,1935.26
2019-12-01,11,Italy,I,1898.63
2019-12-01,14,Switzerland,S,1806.53
2019-12-01,11,Morocco,M,1799.83
2019-12-01,21,Senegal,S,1656.99
2019-12-01,36,Tunisia,T,1423.4
2019-12-01,30,Egypt,E,1502.95
2019-12-01,27,Nigeria,N,1494.76
2019-12-01,40,Ghana,G,1378.88
2019-12-01,32,Cameroon,C,1386.05
2019-12-01,33,Algeria,A,1409.45
2019-12-01,15,Japan,J,1698.87
2019-12-01,26,South Korea,SK,1633.51
2019-12-01,24,Iran,I,1678.93
2019-12-01,42,Saudi Arabia,SA,1361.83
2019-12-01,20,Australia,A,1604.8
2019-12-01,40,Qatar,Q,1411.97
2019-12-01,46,Iraq,I,1195.97
2019-12-01,51,Uzbekistan,U,1194.59
2019-12-01,16,Denmark,D,1706.45
2019-12-01,39,Sweden,S,1303.81
2019-12-01,43,Norway,N,1322.09
2019-12-01,24,Poland,P,1562.79
2019-12-01,18,Austria,A,1689.02
2019-12-01,27,Serbia,S,1584.76
2019-12-01,24,Turkey,T,1546.48
2019-12-01,48,Czech Republic,CR,1163.92
2019-12-01,42,Chile,C,1282.0
2019-12-01,46,Peru,P,1287.78
2019-12-01,48,Paraguay,P,1259.18
2019-12-01,45,Costa Rica,CR,1258.19
2020-03-01,39,Canada,C,1299.96
2020-03-01,18,Mexico,M,1755.28
2020-03-01,12,United States,US,1779.36
2020-03-01,3,Argentina,A,2041.23
2020-03-01,2,Brazil,B,2029.57
2020-03-01,7,Uruguay,U,1827.01
2020-03-01,9,Colombia,C,1839.48
2020-03-01,27,Ecuador,E,1522.33
2020-03-01,5,England,E,1943.82
2020-03-01,32,Scotland,S,1526.87
2020-03-01,31,Wales,W,1488.14
2020-03-01,4,France,F,2010.65
2020-03-01,8,Germany,G,1884.72
2020-03-01,7,Netherlands,N,1927.21
2020-03-01,5,Belgium,B,1923.15
2020-03-01,16,Croatia,C,1863.67
2020-03-01,6,Spain,S,1994.77
2020-03-01,4,Portugal,P,1924.87
2020-03-01,13,Italy,I,1889.04
2020-03-01,17,Switzerland,S,1809.43
2020-03-01,16,Morocco,M,1798.43
2020-03-01,20,Senegal,S,1659.42
2020-03-01,34,Tunisia,T,1450.86
2020-03-01,28,Egypt,E,1506.53
2020-03-01,29,Nigeria,N,1463.62
2020-03-01,39,Ghana,G,1425.11
2020-03-01,32,Cameroon,C,1423.53
2020-03-01,34,Algeria,A,1411.84
2020-03-01,19,Japan,J,1712.49
2020-03-01,25,South Korea,SK,1639.73
2020-03-01,19,Iran,I,1686.64
2020-03-01,42,Saudi Arabia,SA,1343.78
2020-03-01,28,Australia,A,1596.64
2020-03-01,36,Qatar,Q,1403.31
2020-03-01,45,Iraq,I,1238.34
2020-03-01,48,Uzbekistan,U,1205.79
2020-03-01,17,Denmark,D,1712.4
2020-03-01,44,Sweden,S,1331.75
2020-03-01,43,Norway,N,1338.39
2020-03-01,25,Poland,P,1595.56
2020-03-01,25,Austria,A,1648.67
2020-03-01,23,Serbia,S,1572.01
2020-03-01,25,Turkey,T,1573.44
2020-03-01,47,Czech Republic,CR,1210.03
2020-03-01,40,Chile,C,1296.86
2020-03-01,45,Peru,P,1301.08
2020-03-01,44,Paraguay,P,1226.42
2020-03-01,47,Costa Rica,CR,1225.75
2020-06-01,45,Canada,C,1345.04
2020-06-01,20,Mexico,M,1741.76
2020-06-01,14,United States,US,1777.51
2020-06-01,1,Argentina,A,1997.02
2020-06-01,3,Brazil,B,2010.58
2020-06-01,11,Uruguay,U,1831.61
2020-06-01,10,Colombia,C,1785.15
2020-06-01,30,Ecuador,E,1520.82
2020-06-01,7,England,E,2000.57
2020-06-01,28,Scotland,S,1520.39
2020-06-01,28,Wales,W,1520.23
2020-06-01,4,France,F,2020.4
2020-06-01,8,Germany,G,1911.4
2020-06-01,4,Netherlands,N,1904.84
2020-06-01,8,Belgium,B,1880.83
2020-06-01,14,Croatia,C,1807.64
2020-06-01,3,Spain,S,1939.41
2020-06-01,4,Portugal,P,1954.06
2020-06-01,11,Italy,I,1835.75
2020-06-01,11,Switzerland,S,1799.44
2020-06-01,19,Morocco,M,1752.18
2020-06-01,23,Senegal,S,1671.25
2020-06-01,36,Tunisia,T,1441.92
2020-06-01,29,Egypt,E,1476.89
2020-06-01,34,Nigeria,N,1467.76
2020-06-01,37,Ghana,G,1428.27
2020-06-01,31,Cameroon,C,1411.71
2020-06-01,34,Algeria,A,1410.9
2020-06-01,21,Japan,J,1720.81
2020-06-01,21,South Korea,SK,1662.34
2020-06-01,25,Iran,I,1672.09
2020-06-01,37,Saudi Arabia,SA,1367.6
2020-06-01,21,Australia,A,1652.83
2020-06-01,38,Qatar,Q,1365.89
2020-06-01,49,Iraq,I,1245.57
2020-06-01,49,Uzbekistan,U,1198.52
2020-06-01,16,Denmark,D,1733.56
2020-06-01,40,Sweden,S,1353.96
2020-06-01,39,Norway,N,1376.33
2020-06-01,30,Poland,P,1570.02
2020-06-01,21,Austria,A,1705.82
2020-06-01,22,Serbia,S,1565.9
2020-06-01,30,Turkey,T,1545.99
2020-06-01,51,Czech Republic,CR,1166.5
2020-06-01,44,Chile,C,1305.59
2020-06-01,40,Peru,P,1310.81
2020-06-01,47,Paraguay,P,1262.25
2020-06-01,47,Costa Rica,CR,1247.46
2020-09-01,43,Canada,C,1279.95
2020-09-01,14,Mexico,M,1750.32
2020-09-01,13,United States,US,1767.29
2020-09-01,1,Argentina,A,2064.67
2020-09-01,2,Brazil,B,1986.25
2020-09-01,13,Uruguay,U,1874.07
2020-09-01,9,Colombia,C,1805.31
2020-09-01,31,Ecuador,E,1570.66
2020-09-01,8,England,E,1945.61
2020-09-01,31,Scotland,S,1549.92
2020-09-01,32,Wales,W,1521.83
2020-09-01,1,France,F,1994.12
2020-09-01,7,Germany,G,1854.69
2020-09-01,8,Netherlands,N,1895.92
2020-09-01,10,Belgium,B,1927.13
2020-09-01,15,Croatia,C,1858.46
2020-09-01,5,Spain,S,1950.1
2020-09-01,7,Portugal,P,1931.67
2020-09-01,9,Italy,I,1854.36
2020-09-01,10,Switzerland,S,1785.72
2020-09-01,15,Morocco,M,1798.8
2020-09-01,18,Senegal,S,1669.66
2020-09-01,37,Tunisia,T,1466.38
2020-09-01,34,Egypt,E,1491.73
2020-09-01,29,Nigeria,N,1516.13
2020-09-01,33,Ghana,G,1390.36
2020-09-01,39,Cameroon,C,1436.79
2020-09-01,33,Algeria,A,1425.16
2020-09-01,18,Japan,J,1698.09
2020-09-01,20,South Korea,SK,1645.76
2020-09-01,23,Iran,I,1662.53
2020-09-01,36,Saudi Arabia,SA,1383.96
2020-09-01,23,Australia,A,1601.53
2020-09-01,40,Qatar,Q,1373.54
2020-09-01,49,Iraq,I,1249.7
2020-09-01,45,Uzbekistan,U,1236.15
2020-09-01,20,Denmark,D,1674.11
2020-09-01,39,Sweden,S,1335.73
2020-09-01,43,Norway,N,1362.02
2020-09-01,30,Poland,P,1567.73
2020-09-01,25,Austria,A,1674.68
2020-09-01,27,Serbia,S,1608.29
2020-09-01,24,Turkey,T,1542.9
2020-09-01,45,Czech Republic,CR,1200.82
2020-09-01,44,Chile,C,1318.65
2020-09-01,41,Peru,P,1291.11
2020-09-01,48,Paraguay,P,1247.77
2020-09-01,43,Costa Rica,CR,1269.49
2020-12-01,38,Canada,C,1336.15
2020-12-01,17,Mexico,M,1751.94
2020-12-01,13,United States,US,1749.67
2020-12-01,1,Argentina,A,2027.98
2020-12-01,1,Brazil,B,1978.21
2020-12-01,9,Uruguay,U,1863.73
2020-12-01,13,Colombia,C,1782.85
2020-12-01,27,Ecuador,E,1569.33
2020-12-01,3,England,E,1960.17
2020-12-01,28,Scotland,S,1523.82
2020-12-01,29,Wales,W,1485.18
2020-12-01,2,France,F,1996.06
2020-12-01,5,Germany,G,1913.03
2020-12-01,10,Netherlands,N,1947.66
2020-12-01,10,Belgium,B,1909.94
2020-12-01,11,Croatia,C,1827.86
2020-12-01,9,Spain,S,1965.66
2020-12-01,8,Portugal,P,1959.28
2020-12-01,11,Italy,I,1891.24
2020-12-01,14,Switzerland,S,1793.19
2020-12-01,16,Morocco,M,1808.0
2020-12-01,19,Senegal,S,1677.41
2020-12-01,34,Tunisia,T,1426.39
2020-12-01,30,Egypt,E,1461.52
2020-12-01,30,Nigeria,N,1512.69
2020-12-01,34,Ghana,G,1373.76
2020-12-01,39,Cameroon,C,1434.58
2020-12-01,38,Algeria,A,1424.94
2020-12-01,17,Japan,J,1741.41
2020-12-01,27,South Korea,SK,1658.48
2020-12-01,21,Iran,I,1651.57
2020-12-01,34,Saudi Arabia,SA,1363.22
2020-12-01,27,Australia,A,1617.8
2020-12-01,39,Qatar,Q,1353.53
2020-12-01,44,Iraq,I,1188.55
2020-12-01,50,Uzbekistan,U,1208.13
2020-12-01,15,Denmark,D,1735.71
2020-12-01,43,Sweden,S,1355.73
2020-12-01,37,Norway,N,1317.46
2020-12-01,27,Poland,P,1551.58
2020-12-01,21,Austria,A,1676.88
2020-12-01,21,Serbia,S,1614.95
2020-12-01,30,Turkey,T,1559.16
2020-12-01,46,Czech Republic,CR,1220.03
2020-12-01,41,Chile,C,1305.33
2020-12-01,43,Peru,P,1278.69
2020-12-01,44,Paraguay,P,1246.14
2020-12-01,49,Costa Rica,CR,1271.24
2021-03-01,39,Canada,C,1330.64
2021-03-01,18,Mexico,M,1769.39
2021-03-01,12,United States,US,1776.85
2021-03-01,2,Argentina,A,2038.12
2021-03-01,1,Brazil,B,2003.97
2021-03-01,15,Uruguay,U,1845.96
2021-03-01,11,Colombia,C,1832.28
2021-03-01,27,Ecuador,E,1579.58
2021-03-01,2,England,E,2001.5
2021-03-01,25,Scotland,S,1538.46
2021-03-01,33,Wales,W,1526.01
2021-03-01,3,France,F,1985.24
2021-03-01,11,Germany,G,1893.18
2021-03-01,9,Netherlands,N,1945.34
2021-03-01,10,Belgium,B,1919.75
2021-03-01,10,Croatia,C,1858.31
2021-03-01,3,Spain,S,1931.71
2021-03-01,7,Portugal,P,1919.42
2021-03-01,12,Italy,I,1896.53
2021-03-01,17,Switzerland,S,1769.35
2021-03-01,15,Morocco,M,1773.1
2021-03-01,19,Senegal,S,1679.58
2021-03-01,30,Tunisia,T,1444.78
2021-03-01,29,Egypt,E,1475.67
2021-03-01,27,Nigeria,N,1518.55
2021-03-01,32,Ghana,G,1435.74
2021-03-01,31,Cameroon,C,1432.79
2021-03-01,31,Algeria,A,1414.8
2021-03-01,22,Japan,J,1691.88
2021-03-01,24,South Korea,SK,1627.93
2021-03-01,18,Iran,I,1675.0
2021-03-01,39,Saudi Arabia,SA,1391.16
2021-03-01,22,Australia,A,1596.19
2021-03-01,40,Qatar,Q,1361.73
2021-03-01,45,Iraq,I,1255.3
2021-03-01,44,Uzbekistan,U,1230.05
2021-03-01,17,Denmark,D,1714.98
2021-03-01,38,Sweden,S,1357.4
2021-03-01,37,Norway,N,1348.51
2021-03-01,29,Poland,P,1549.12
2021-03-01,17,Austria,A,1702.47
2021-03-01,22,Serbia,S,1621.5
2021-03-01,27,Turkey,T,1594.45
2021-03-01,45,Czech Republic,CR,1175.43
2021-03-01,40,Chile,C,1300.31
2021-03-01,41,Peru,P,1304.02
2021-03-01,47,Paraguay,P,1236.52
2021-03-01,43,Costa Rica,CR,1274.81
2021-06-01,42,Canada,C,1342.65
2021-06-01,21,Mexico,M,1767.22
2021-06-01,19,United States,US,1793.08
2021-06-01,5,Argentina,A,2001.58
2021-06-01,2,Brazil,B,1986.6
2021-06-01,10,Uruguay,U,1884.23
2021-06-01,16,Colombia,C,1794.18
2021-06-01,30,Ecuador,E,1513.91
2021-06-01,1,England,E,2007.16
2021-06-01,32,Scotland,S,1549.76
2021-06-01,27,Wales,W,1534.34
2021-06-01,1,France,F,2025.45
2021-06-01,10,Germany,G,1916.83
2021-06-01,11,Netherlands,N,1925.52
2021-06-01,12,Belgium,B,1916.02
2021-06-01,12,Croatia,C,1821.42
2021-06-01,8,Spain,S,1978.45
2021-06-01,6,Portugal,P,1973.1
2021-06-01,12,Italy,I,1863.3
2021-06-01,16,Switzerland,S,1768.77
2021-06-01,11,Morocco,M,1779.39
2021-06-01,21,Senegal,S,1694.29
2021-06-01,35,Tunisia,T,1442.41
2021-06-01,32,Egypt,E,1492.96
2021-06-01,27,Nigeria,N,1493.93
2021-06-01,32,Ghana,G,1380.17
2021-06-01,32,Cameroon,C,1406.5
2021-06-01,38,Algeria,A,1415.14
2021-06-01,19,Japan,J,1742.75
2021-06-01,27,South Korea,SK,1602.96
2021-06-01,22,Iran,I,1645.94
2021-06-01,39,Saudi Arabia,SA,1398.49
2021-06-01,20,Australia,A,1640.66
2021-06-01,39,Qatar,Q,1400.7
2021-06-01,50,Iraq,I,1246.45
2021-06-01,51,Uzbekistan,U,1194.96
2021-06-01,15,Denmark,D,1736.75
2021-06-01,37,Sweden,S,1327.01
2021-06-01,37,Norway,N,1375.46
2021-06-01,27,Poland,P,1552.11
2021-06-01,20,Austria,A,1671.67
2021-06-01,21,Serbia,S,1568.17
2021-06-01,29,Turkey,T,1543.42
2021-06-01,45,Czech Republic,CR,1215.7
2021-06-01,38,Chile,C,1322.31
2021-06-01,44,Peru,P,1309.91
2021-06-01,46,Paraguay,P,1280.86
2021-06-01,46,Costa Rica,CR,1269.23
2021-09-01,43,Canada,C,1280.13
2021-09-01,15,Mexico,M,1750.91
2021-09-01,16,United States,US,1788.74
2021-09-01,3,Argentina,A,2044.63
2021-09-01,3,Brazil,B,1975.34
2021-09-01,11,Uruguay,U,1845.64
2021-09-01,9,Colombia,C,1810.11
2021-09-01,30,Ecuador,E,1537.4
2021-09-01,3,England,E,2000.17
2021-09-01,32,Scotland,S,1510.74
2021-09-01,26,Wales,W,1518.86
2021-09-01,4,France,F,1981.93
2021-09-01,12,Germany,G,1862.02
2021-09-01,6,Netherlands,N,1893.94
2021-09-01,5,Belgium,B,1879.07
2021-09-01,15,Croatia,C,1803.66
2021-09-01,9,Spain,S,1947.92
2021-09-01,6,Portugal,P,1973.87
2021-09-01,12,Italy,I,1854.94
2021-09-01,14,Switzerland,S,1782.93
2021-09-01,15,Morocco,M,1752.59
2021-09-01,17,Senegal,S,1682.64
2021-09-01,32,Tunisia,T,1487.51
2021-09-01,36,Egypt,E,1498.25
2021-09-01,30,Nigeria,N,1465.9
2021-09-01,32,Ghana,G,1399.83
2021-09-01,32,Cameroon,C,1392.8
2021-09-01,30,Algeria,A,1461.32
2021-09-01,16,Japan,J,1696.85
2021-09-01,20,South Korea,SK,1617.92
2021-09-01,23,Iran,I,1649.67
2021-09-01,36,Saudi Arabia,SA,1361.94
2021-09-01,20,Australia,A,1629.4
2021-09-01,41,Qatar,Q,1402.68
2021-09-01,45,Iraq,I,1240.8
2021-09-01,48,Uzbekistan,U,1172.06
2021-09-01,15,Denmark,D,1739.4
2021-09-01,41,Sweden,S,1355.16
2021-09-01,39,Norway,N,1377.53
2021-09-01,27,Poland,P,1579.34
2021-09-01,17,Austria,A,1664.39
2021-09-01,23,Serbia,S,1631.28
2021-09-01,31,Turkey,T,1533.46
2021-09-01,46,Czech Republic,CR,1194.9
2021-09-01,43,Chile,C,1305.06
2021-09-01,46,Peru,P,1242.77
2021-09-01,47,Paraguay,P,1227.86
2021-09-01,44,Costa Rica,CR,1247.12
2021-12-01,41,Canada,C,1315.98
2021-12-01,15,Mexico,M,1747.3
2021-12-01,17,United States,US,1730.97
2021-12-01,1,Argentina,A,2025.69
2021-12-01,7,Brazil,B,1962.22
2021-12-01,9,Uruguay,U,1867.69
2021-12-01,14,Colombia,C,1806.93
2021-12-01,26,Ecuador,E,1574.11
2021-12-01,3,England,E,1943.41
2021-12-01,25,Scotland,S,1532.39
2021-12-01,32,Wales,W,1528.81
2021-12-01,1,France,F,2038.99
2021-12-01,5,Germany,G,1892.45
2021-12-01,4,Netherlands,N,1890.39
2021-12-01,11,Belgium,B,1936.6
2021-12-01,14,Croatia,C,1818.77
2021-12-01,7,Spain,S,1956.48
2021-12-01,5,Portugal,P,1954.8
2021-12-01,10,Italy,I,1859.16
2021-12-01,17,Switzerland,S,1796.54
2021-12-01,13,Morocco,M,1776.8
2021-12-01,21,Senegal,S,1670.67
2021-12-01,33,Tunisia,T,1465.6
2021-12-01,30,Egypt,E,1506.41
2021-12-01,33,Nigeria,N,1526.94
2021-12-01,34,Ghana,G,1392.77
2021-12-01,31,Cameroon,C,1415.22
2021-12-01,34,Algeria,A,1413.08
2021-12-01,21,Japan,J,1719.73
2021-12-01,27,South Korea,SK,1660.62
2021-12-01,24,Iran,I,1627.75
2021-12-01,39,Saudi Arabia,SA,1345.57
2021-12-01,26,Australia,A,1612.48
2021-12-01,39,Qatar,Q,1381.24
2021-12-01,49,Iraq,I,1218.07
2021-12-01,49,Uzbekistan,U,1201.45
2021-12-01,20,Denmark,D,1695.82
2021-12-01,42,Sweden,S,1304.32
2021-12-01,43,Norway,N,1327.41
2021-12-01,25,Poland,P,1596.88
2021-12-01,20,Austria,A,1703.36
2021-12-01,26,Serbia,S,1628.02
2021-12-01,31,Turkey,T,1589.37
2021-12-01,50,Czech Republic,CR,1177.24
2021-12-01,42,Chile,C,1273.95
2021-12-01,41,Peru,P,1273.92
2021-12-01,48,Paraguay,P,1268.66
2021-12-01,45,Costa Rica,CR,1268.33
2022-03-01,43,Canada,C,1280.56
2022-03-01,16,Mexico,M,1732.64
2022-03-01,14,United States,US,1773.18
2022-03-01,5,Argentina,A,2027.22
2022-03-01,6,Brazil,B,1962.67
2022-03-01,10,Uruguay,U,1844.02
2022-03-01,11,Colombia,C,1800.13
2022-03-01,26,Ecuador,E,1555.89
2022-03-01,3,England,E,1953.55
2022-03-01,30,Scotland,S,1525.8
2022-03-01,28,Wales,W,1528.38
2022-03-01,5,France,F,2001.14
2022-03-01,13,Germany,G,1904.47
2022-03-01,3,Netherlands,N,1936.33
2022-03-01,5,Belgium,B,1877.0
2022-03-01,8,Croatia,C,1863.41
2022-03-01,1,Spain,S,1948.21
2022-03-01,3,Portugal,P,1928.93
2022-03-01,11,Italy,I,1849.21
2022-03-01,12,Switzerland,S,1830.06
2022-03-01,15,Morocco,M,1803.85
2022-03-01,21,Senegal,S,1698.63
2022-03-01,34,Tunisia,T,1461.84
2022-03-01,35,Egypt,E,1472.26
2022-03-01,29,Nigeria,N,1477.28
2022-03-01,33,Ghana,G,1423.16
2022-03-01,33,Cameroon,C,1448.06
2022-03-01,32,Algeria,A,1414.43
2022-03-01,15,Japan,J,1728.26
2022-03-01,25,South Korea,SK,1612.08
2022-03-01,26,Iran,I,1663.01
2022-03-01,38,Saudi Arabia,SA,1379.3
2022-03-01,23,Australia,A,1651.33
2022-03-01,35,Qatar,Q,1412.64
2022-03-01,43,Iraq,I,1239.9
2022-03-01,45,Uzbekistan,U,1230.62
2022-03-01,22,Denmark,D,1699.56
2022-03-01,38,Sweden,S,1348.7
2022-03-01,40,Norway,N,1378.17
2022-03-01,24,Poland,P,1578.31
2022-03-01,17,Austria,A,1704.92
2022-03-01,26,Serbia,S,1626.99
2022-03-01,24,Turkey,T,1591.05
2022-03-01,45,Czech Republic,CR,1163.41
2022-03-01,42,Chile,C,1306.42
2022-03-01,41,Peru,P,1248.77
2022-03-01,43,Paraguay,P,1290.31
2022-03-01,46,Costa Rica,CR,1225.46
2022-06-01,38,Canada,C,1301.83
2022-06-01,20,Mexico,M,1710.12
2022-06-01,18,United States,US,1796.42
2022-06-01,2,Argentina,A,2056.59
2022-06-01,2,Brazil,B,1996.94
2022-06-01,15,Uruguay,U,1880.3
2022-06-01,9,Colombia,C,1815.27
2022-06-01,26,Ecuador,E,1514.64
2022-06-01,3,England,E,1992.04
2022-06-01,29,Scotland,S,1524.43
2022-06-01,32,Wales,W,1498.63
2022-06-01,2,France,F,2031.5
2022-06-01,12,Germany,G,1899.16
2022-06-01,8,Netherlands,N,1927.59
2022-06-01,6,Belgium,B,1932.04
2022-06-01,8,Croatia,C,1850.42
2022-06-01,1,Spain,S,1946.19
2022-06-01,5,Portugal,P,1970.32
2022-06-01,12,Italy,I,1862.19
2022-06-01,14,Switzerland,S,1811.78
2022-06-01,16,Morocco,M,1770.68
2022-06-01,24,Senegal,S,1714.75
2022-06-01,35,Tunisia,T,1449.5
2022-06-01,33,Egypt,E,1448.26
2022-06-01,32,Nigeria,N,1507.34
2022-06-01,40,Ghana,G,1380.5
2022-06-01,35,Cameroon,C,1403.67
2022-06-01,37,Algeria,A,1467.31
2022-06-01,15,Japan,J,1747.38
2022-06-01,24,South Korea,SK,1661.3
2022-06-01,19,Iran,I,1620.61
2022-06-01,36,Saudi Arabia,SA,1387.44
2022-06-01,21,Australia,A,1600.01
2022-06-01,35,Qatar,Q,1375.14
2022-06-01,44,Iraq,I,1227.03
2022-06-01,46,Uzbekistan,U,1223.52
2022-06-01,16,Denmark,D,1673.68
2022-06-01,36,Sweden,S,1346.56
2022-06-01,40,Norway,N,1373.91
2022-06-01,23,Poland,P,1557.94
2022-06-01,24,Austria,A,1681.17
2022-06-01,26,Serbia,S,1620.03
2022-06-01,24,Turkey,T,1571.88
2022-06-01,44,Czech Republic,CR,1200.29
2022-06-01,41,Chile,C,1323.26
2022-06-01,40,Peru,P,1253.99
2022-06-01,41,Paraguay,P,1223.27
2022-06-01,44,Costa Rica,CR,1219.72
2022-09-01,38,Canada,C,1304.08
2022-09-01,21,Mexico,M,1722.48
2022-09-01,15,United States,US,1776.58
2022-09-01,4,Argentina,A,2039.38
2022-09-01,1,Brazil,B,1993.84
2022-09-01,7,Uruguay,U,1847.98
2022-09-01,17,Colombia,C,1781.44
2022-09-01,26,Ecuador,E,1579.19
2022-09-01,4,England,E,1953.07
2022-09-01,33,Scotland,S,1533.28
2022-09-01,29,Wales,W,1524.0
2022-09-01,1,France,F,1992.17
2022-09-01,10,Germany,G,1905.94
2022-09-01,6,Netherlands,N,1900.37
2022-09-01,8,Belgium,B,1913.11
2022-09-01,16,Croatia,C,1843.84
2022-09-01,4,Spain,S,1954.86
2022-09-01,7,Portugal,P,1958.48
2022-09-01,14,Italy,I,1835.49
2022-09-01,14,Switzerland,S,1782.7
2022-09-01,13,Morocco,M,1749.53
2022-09-01,17,Senegal,S,1689.57
2022-09-01,29,Tunisia,T,1464.39
2022-09-01,34,Egypt,E,1444.6
2022-09-01,34,Nigeria,N,1457.84
2022-09-01,33,Ghana,G,1389.29
2022-09-01,36,Cameroon,C,1433.87
2022-09-01,31,Algeria,A,1442.84
2022-09-01,19,Japan,J,1722.56
2022-09-01,26,South Korea,SK,1626.93
2022-09-01,22,Iran,I,1672.44
2022-09-01,39,Saudi Arabia,SA,1369.21
2022-09-01,23,Australia,A,1598.97
2022-09-01,35,Qatar,Q,1351.99
2022-09-01,47,Iraq,I,1215.68
2022-09-01,50,Uzbekistan,U,1191.71
2022-09-01,21,Denmark,D,1705.45
2022-09-01,43,Sweden,S,1326.65
2022-09-01,37,Norway,N,1364.65
2022-09-01,28,Poland,P,1576.37
2022-09-01,17,Austria,A,1698.14
2022-09-01,26,Serbia,S,1591.7
2022-09-01,25,Turkey,T,1556.96
2022-09-01,44,Czech Republic,CR,1181.41
2022-09-01,40,Chile,C,1269.57
2022-09-01,41,Peru,P,1256.19
2022-09-01,40,Paraguay,P,1250.39
2022-09-01,43,Costa Rica,CR,1223.96
2022-12-01,40,Canada,C,1278.52
2022-12-01,19,Mexico,M,1720.08
2022-12-01,20,United States,US,1746.44
2022-12-01,1,Argentina,A,2031.06
2022-12-01,6,Brazil,B,1991.3
2022-12-01,9,Uruguay,U,1851.11
2022-12-01,9,Colombia,C,1805.74
2022-12-01,25,Ecuador,E,1515.68
2022-12-01,5,England,E,1992.42
2022-12-01,29,Scotland,S,1502.9
2022-12-01,34,Wales,W,1541.03
2022-12-01,1,France,F,2008.14
2022-12-01,5,Germany,G,1919.98
2022-12-01,5,Netherlands,N,1912.7
2022-12-01,8,Belgium,B,1918.88
2022-12-01,14,Croatia,C,1841.81
2022-12-01,3,Spain,S,1962.07
2022-12-01,7,Portugal,P,1957.73
2022-12-01,8,Italy,I,1860.87
2022-12-01,17,Switzerland,S,1767.42
2022-12-01,18,Morocco,M,1770.9
2022-12-01,19,Senegal,S,1669.66
2022-12-01,34,Tunisia,T,1469.18
2022-12-01,33,Egypt,E,1483.37
2022-12-01,34,Nigeria,N,1512.08
2022-12-01,40,Ghana,G,1390.85
2022-12-01,36,Cameroon,C,1433.88
2022-12-01,32,Algeria,A,1470.58
2022-12-01,17,Japan,J,1740.57
2022-12-01,22,South Korea,SK,1657.93
2022-12-01,21,Iran,I,1653.2
2022-12-01,41,Saudi Arabia,SA,1393.34
2022-12-01,25,Australia,A,1618.77
2022-12-01,34,Qatar,Q,1375.89
2022-12-01,44,Iraq,I,1230.65
2022-12-01,44,Uzbekistan,U,1206.05
2022-12-01,22,Denmark,D,1715.18
2022-12-01,40,Sweden,S,1299.68
2022-12-01,41,Norway,N,1367.42
2022-12-01,26,Poland,P,1596.83
2022-12-01,22,Austria,A,1696.34
2022-12-01,21,Serbia,S,1598.16
2022-12-01,26,Turkey,T,1573.31
2022-12-01,49,Czech Republic,CR,1175.93
2022-12-01,45,Chile,C,1298.33
2022-12-01,43,Peru,P,1307.97
2022-12-01,47,Paraguay,P,1291.97
2022-12-01,49,Costa Rica,CR,1219.0
2023-03-01,40,Canada,C,1344.04
2023-03-01,14,Mexico,M,1729.69
2023-03-01,12,United States,US,1778.48
2023-03-01,1,Argentina,A,2033.65
2023-03-01,7,Brazil,B,1980.77
2023-03-01,13,Uruguay,U,1846.61
2023-03-01,9,Colombia,C,1801.87
2023-03-01,27,Ecuador,E,1521.08
2023-03-01,1,England,E,1945.02
2023-03-01,31,Scotland,S,1498.51
2023-03-01,33,Wales,W,1529.31
2023-03-01,1,France,F,2010.27
2023-03-01,11,Germany,G,1891.87
2023-03-01,10,Netherlands,N,1942.09
2023-03-01,5,Belgium,B,1936.58
2023-03-01,15,Croatia,C,1818.32
2023-03-01,8,Spain,S,1944.93
2023-03-01,4,Portugal,P,1929.6
2023-03-01,6,Italy,I,1843.67
2023-03-01,15,Switzerland,S,1801.68
2023-03-01,16,Morocco,M,1754.92
2023-03-01,22,Senegal,S,1693.51
2023-03-01,35,Tunisia,T,1466.24
2023-03-01,34,Egypt,E,1451.46
2023-03-01,27,Nigeria,N,1502.05
2023-03-01,37,Ghana,G,1406.59
2023-03-01,31,Cameroon,C,1446.83
2023-03-01,30,Algeria,A,1453.59
2023-03-01,16,Japan,J,1725.77
2023-03-01,20,South Korea,SK,1610.79
2023-03-01,19,Iran,I,1655.59
2023-03-01,37,Saudi Arabia,SA,1337.43
2023-03-01,25,Australia,A,1651.06
2023-03-01,38,Qatar,Q,1354.68
2023-03-01,47,Iraq,I,1239.56
2023-03-01,50,Uzbekistan,U,1197.04
2023-03-01,15,Denmark,D,1709.73
2023-03-01,42,Sweden,S,1343.62
2023-03-01,43,Norway,N,1370.6
2023-03-01,25,Poland,P,1578.39
2023-03-01,18,Austria,A,1690.39
2023-03-01,25,Serbia,S,1580.92
2023-03-01,23,Turkey,T,1574.13
2023-03-01,52,Czech Republic,CR,1152.7
2023-03-01,41,Chile,C,1292.51
2023-03-01,39,Peru,P,1256.33
2023-03-01,43,Paraguay,P,1289.5
2023-03-01,43,Costa Rica,CR,1240.04
2023-06-01,42,Canada,C,1304.13
2023-06-01,19,Mexico,M,1710.35
2023-06-01,16,United States,US,1761.46
2023-06-01,3,Argentina,A,2035.5
2023-06-01,1,Brazil,B,1975.01
2023-06-01,7,Uruguay,U,1831.62
2023-06-01,16,Colombia,C,1781.5
2023-06-01,25,Ecuador,E,1551.71
2023-06-01,5,England,E,1978.64
2023-06-01,27,Scotland,S,1520.8
2023-06-01,28,Wales,W,1512.54
2023-06-01,2,France,F,1997.6
2023-06-01,10,Germany,G,1888.76
2023-06-01,5,Netherlands,N,1947.44
2023-06-01,8,Belgium,B,1894.41
2023-06-01,13,Croatia,C,1861.85
2023-06-01,7,Spain,S,1933.34
2023-06-01,6,Portugal,P,1938.62
2023-06-01,13,Italy,I,1877.24
2023-06-01,18,Switzerland,S,1816.9
2023-06-01,14,Morocco,M,1757.94
2023-06-01,16,Senegal,S,1682.12
2023-06-01,30,Tunisia,T,1473.0
2023-06-01,31,Egypt,E,1453.01
2023-06-01,31,Nigeria,N,1515.31
2023-06-01,35,Ghana,G,1429.07
2023-06-01,35,Cameroon,C,1410.27
2023-06-01,30,Algeria,A,1448.35
2023-06-01,17,Japan,J,1730.68
2023-06-01,23,South Korea,SK,1616.18
2023-06-01,18,Iran,I,1640.69
2023-06-01,37,Saudi Arabia,SA,1389.07
2023-06-01,25,Australia,A,1597.44
2023-06-01,39,Qatar,Q,1399.4
2023-06-01,49,Iraq,I,1255.9
2023-06-01,45,Uzbekistan,U,1233.46
2023-06-01,22,Denmark,D,1712.26
2023-06-01,40,Sweden,S,1350.65
2023-06-01,38,Norway,N,1318.44
2023-06-01,23,Poland,P,1608.91
2023-06-01,17,Austria,A,1680.35
2023-06-01,21,Serbia,S,1631.28
2023-06-01,23,Turkey,T,1550.24
2023-06-01,50,Czech Republic,CR,1202.01
2023-06-01,40,Chile,C,1265.81
2023-06-01,44,Peru,P,1256.07
2023-06-01,43,Paraguay,P,1290.97
2023-06-01,46,Costa Rica,CR,1210.33
2023-09-01,43,Canada,C,1322.75
2023-09-01,17,Mexico,M,1762.93
2023-09-01,13,United States,US,1748.14
2023-09-01,1,Argentina,A,2028.98
2023-09-01,2,Brazil,B,1969.42
2023-09-01,7,Uruguay,U,1878.62
2023-09-01,16,Colombia,C,1793.22
2023-09-01,25,Ecuador,E,1517.03
2023-09-01,3,England,E,1974.87
2023-09-01,33,Scotland,S,1512.12
2023-09-01,26,Wales,W,1524.2
2023-09-01,5,France,F,1983.43
2023-09-01,7,Germany,G,1868.08
2023-09-01,9,Netherlands,N,1936.46
2023-09-01,4,Belgium,B,1873.6
2023-09-01,14,Croatia,C,1857.13
2023-09-01,7,Spain,S,1937.25
2023-09-01,2,Portugal,P,1947.37
2023-09-01,6,Italy,I,1880.96
2023-09-01,14,Switzerland,S,1812.69
2023-09-01,18,Morocco,M,1759.19
2023-09-01,20,Senegal,S,1656.71
2023-09-01,33,Tunisia,T,1488.42
2023-09-01,31,Egypt,E,1455.44
2023-09-01,34,Nigeria,N,1513.72
2023-09-01,32,Ghana,G,1428.15
2023-09-01,37,Cameroon,C,1424.13
2023-09-01,37,Algeria,A,1458.44
2023-09-01,14,Japan,J,1711.06
2023-09-01,20,South Korea,SK,1642.86
2023-09-01,25,Iran,I,1676.45
2023-09-01,42,Saudi Arabia,SA,1342.47
2023-09-01,25,Australia,A,1633.83
2023-09-01,41,Qatar,Q,1359.2
2023-09-01,47,Iraq,I,1215.49
2023-09-01,49,Uzbekistan,U,1195.05
2023-09-01,20,Denmark,D,1726.71
2023-09-01,38,Sweden,S,1352.0
2023-09-01,42,Norway,N,1360.3
2023-09-01,28,Poland,P,1572.22
2023-09-01,23,Austria,A,1643.05
2023-09-01,25,Serbia,S,1626.93
2023-09-01,28,Turkey,T,1593.73
2023-09-01,51,Czech Republic,CR,1182.55
2023-09-01,46,Chile,C,1319.33
2023-09-01,41,Peru,P,1303.28
2023-09-01,45,Paraguay,P,1258.44
2023-09-01,43,Costa Rica,CR,1246.92
2023-12-01,45,Canada,C,1321.29
2023-12-01,15,Mexico,M,1768.58
2023-12-01,14,United States,US,1795.41
2023-12-01,1,Argentina,A,2054.73
2023-12-01,5,Brazil,B,1966.72
2023-12-01,13,Uruguay,U,1878.65
2023-12-01,17,Colombia,C,1819.08
2023-12-01,32,Ecuador,E,1518.27
2023-12-01,1,England,E,1960.83
2023-12-01,33,Scotland,S,1539.52
2023-12-01,28,Wales,W,1526.78
2023-12-01,3,France,F,2013.24
2023-12-01,10,Germany,G,1904.23
2023-12-01,8,Netherlands,N,1927.39
2023-12-01,10,Belgium,B,1907.62
2023-12-01,14,Croatia,C,1814.33
2023-12-01,6,Spain,S,1977.49
2023-12-01,3,Portugal,P,1922.81
2023-12-01,13,Italy,I,1845.9
2023-12-01,13,Switzerland,S,1813.13
2023-12-01,19,Morocco,M,1801.0
2023-12-01,23,Senegal,S,1665.1
2023-12-01,30,Tunisia,T,1469.65
2023-12-01,32,Egypt,E,1455.93
2023-12-01,33,Nigeria,N,1478.2
2023-12-01,35,Ghana,G,1404.94
2023-12-01,32,Cameroon,C,1451.61
2023-12-01,33,Algeria,A,1404.65
2023-12-01,14,Japan,J,1711.7
2023-12-01,22,South Korea,SK,1614.0
2023-12-01,19,Iran,I,1623.69
2023-12-01,41,Saudi Arabia,SA,1397.57
2023-12-01,26,Australia,A,1649.14
2023-12-01,39,Qatar,Q,1349.74
2023-12-01,46,Iraq,I,1211.02
2023-12-01,48,Uzbekistan,U,1183.59
2023-12-01,21,Denmark,D,1716.35
2023-12-01,43,Sweden,S,1339.47
2023-12-01,35,Norway,N,1360.54
2023-12-01,22,Poland,P,1582.0
2023-12-01,22,Austria,A,1639.17
2023-12-01,28,Serbia,S,1625.28
2023-12-01,29,Turkey,T,1581.7
2023-12-01,45,Czech Republic,CR,1180.59
2023-12-01,43,Chile,C,1325.44
2023-12-01,46,Peru,P,1310.62
2023-12-01,46,Paraguay,P,1225.71
2023-12-01,48,Costa Rica,CR,1258.13
2024-03-01,38,Canada,C,1310.24
2024-03-01,21,Mexico,M,1715.44
2024-03-01,15,United States,US,1777.7
2024-03-01,1,Argentina,A,2028.83
2024-03-01,4,Brazil,B,1977.9
2024-03-01,14,Uruguay,U,1819.4
2024-03-01,13,Colombia,C,1819.68
2024-03-01,31,Ecuador,E,1526.16
2024-03-01,6,England,E,1949.65
2024-03-01,27,Scotland,S,1534.54
2024-03-01,26,Wales,W,1540.49
2024-03-01,5,France,F,1983.84
2024-03-01,7,Germany,G,1885.42
2024-03-01,9,Netherlands,N,1945.09
2024-03-01,12,Belgium,B,1916.76
2024-03-01,8,Croatia,C,1816.72
2024-03-01,2,Spain,S,1973.88
2024-03-01,9,Portugal,P,1919.17
2024-03-01,13,Italy,I,1855.54
2024-03-01,12,Switzerland,S,1765.79
2024-03-01,16,Morocco,M,1774.87
2024-03-01,18,Senegal,S,1722.8
2024-03-01,30,Tunisia,T,1434.94
2024-03-01,35,Egypt,E,1456.43
2024-03-01,33,Nigeria,N,1511.3
2024-03-01,34,Ghana,G,1421.07
2024-03-01,31,Cameroon,C,1406.16
2024-03-01,33,Algeria,A,1426.8
2024-03-01,21,Japan,J,1707.01
2024-03-01,26,South Korea,SK,1657.59
2024-03-01,19,Iran,I,1626.11
2024-03-01,36,Saudi Arabia,SA,1340.24
2024-03-01,20,Australia,A,1613.67
2024-03-01,38,Qatar,Q,1404.6
2024-03-01,48,Iraq,I,1188.44
2024-03-01,51,Uzbekistan,U,1231.84
2024-03-01,20,Denmark,D,1717.44
2024-03-01,37,Sweden,S,1324.3
2024-03-01,35,Norway,N,1332.52
2024-03-01,30,Poland,P,1596.14
2024-03-01,18,Austria,A,1641.56
2024-03-01,25,Serbia,S,1626.44
2024-03-01,28,Turkey,T,1562.22
2024-03-01,52,Czech Republic,CR,1215.35
2024-03-01,40,Chile,C,1267.47
2024-03-01,41,Peru,P,1247.05
2024-03-01,42,Paraguay,P,1269.52
2024-03-01,48,Costa Rica,CR,1251.19
2024-06-01,45,Canada,C,1303.13
2024-06-01,17,Mexico,M,1742.45
2024-06-01,14,United States,US,1767.75
2024-06-01,1,Argentina,A,2036.18
2024-06-01,2,Brazil,B,1975.17
2024-06-01,11,Uruguay,U,1826.33
2024-06-01,15,Colombia,C,1781.78
2024-06-01,24,Ecuador,E,1546.71
2024-06-01,1,England,E,1950.89
2024-06-01,29,Scotland,S,1533.99
2024-06-01,26,Wales,W,1496.23
2024-06-01,1,France,F,2001.37
2024-06-01,8,Germany,G,1913.24
2024-06-01,6,Netherlands,N,1902.21
2024-06-01,11,Belgium,B,1904.48
2024-06-01,11,Croatia,C,1805.93
2024-06-01,7,Spain,S,1963.71
2024-06-01,10,Portugal,P,1967.11
2024-06-01,7,Italy,I,1845.23
2024-06-01,12,Switzerland,S,1823.05
2024-06-01,13,Morocco,M,1805.28
2024-06-01,17,Senegal,S,1688.44
2024-06-01,30,Tunisia,T,1460.63
2024-06-01,31,Egypt,E,1482.89
2024-06-01,33,Nigeria,N,1515.78
2024-06-01,37,Ghana,G,1432.63
2024-06-01,35,Cameroon,C,1413.45
2024-06-01,36,Algeria,A,1406.0
2024-06-01,19,Japan,J,1745.64
2024-06-01,19,South Korea,SK,1614.48
2024-06-01,23,Iran,I,1646.35
2024-06-01,37,Saudi Arabia,SA,1383.4
2024-06-01,22,Australia,A,1616.56
2024-06-01,41,Qatar,Q,1411.21
2024-06-01,44,Iraq,I,1203.89
2024-06-01,51,Uzbekistan,U,1189.13
2024-06-01,16,Denmark,D,1703.29
2024-06-01,36,Sweden,S,1324.21
2024-06-01,43,Norway,N,1318.94
2024-06-01,24,Poland,P,1601.1
2024-06-01,17,Austria,A,1662.87
2024-06-01,27,Serbia,S,1584.66
2024-06-01,28,Turkey,T,1550.24
2024-06-01,52,Czech Republic,CR,1193.37
2024-06-01,42,Chile,C,1318.88
2024-06-01,46,Peru,P,1276.8
2024-06-01,46,Paraguay,P,1276.02
2024-06-01,49,Costa Rica,CR,1269.64
2024-09-01,39,Canada,C,1309.85
2024-09-01,14,Mexico,M,1757.4
2024-09-01,17,United States,US,1764.29
2024-09-01,1,Argentina,A,2014.61
2024-09-01,3,Brazil,B,2026.39
2024-09-01,11,Uruguay,U,1858.61
2024-09-01,12,Colombia,C,1802.91
2024-09-01,29,Ecuador,E,1574.51
2024-09-01,3,England,E,1967.4
2024-09-01,29,Scotland,S,1506.43
2024-09-01,31,Wales,W,1511.24
2024-09-01,4,France,F,1998.5
2024-09-01,11,Germany,G,1899.88
2024-09-01,6,Netherlands,N,1942.78
2024-09-01,6,Belgium,B,1927.16
2024-09-01,12,Croatia,C,1812.3
2024-09-01,6,Spain,S,1974.88
2024-09-01,10,Portugal,P,1929.48
2024-09-01,13,Italy,I,1875.72
2024-09-01,12,Switzerland,S,1771.2
2024-09-01,15,Morocco,M,1789.7
2024-09-01,19,Senegal,S,1696.87
2024-09-01,34,Tunisia,T,1433.82
2024-09-01,35,Egypt,E,1465.25
2024-09-01,33,Nigeria,N,1490.9
2024-09-01,36,Ghana,G,1432.27
2024-09-01,38,Cameroon,C,1422.62
2024-09-01,32,Algeria,A,1420.83
2024-09-01,15,Japan,J,1708.68
2024-09-01,25,South Korea,SK,1657.92
2024-09-01,24,Iran,I,1619.23
2024-09-01,37,Saudi Arabia,SA,1387.84
2024-09-01,24,Australia,A,1647.95
2024-09-01,40,Qatar,Q,1414.43
2024-09-01,50,Iraq,I,1227.85
2024-09-01,47,Uzbekistan,U,1204.78
2024-09-01,21,Denmark,D,1686.94
2024-09-01,36,Sweden,S,1363.71
2024-09-01,42,Norway,N,1354.67
2024-09-01,29,Poland,P,1577.6
2024-09-01,22,Austria,A,1645.36
2024-09-01,23,Serbia,S,1573.6
2024-09-01,23,Turkey,T,1531.87
2024-09-01,45,Czech Republic,CR,1170.41
2024-09-01,46,Chile,C,1296.47
2024-09-01,41,Peru,P,1295.87
2024-09-01,46,Paraguay,P,1237.34
2024-09-01,41,Costa Rica,CR,1205.69
2024-12-01,42,Canada,C,1345.38
2024-12-01,17,Mexico,M,1728.89
2024-12-01,15,United States,US,1743.13
2024-12-01,1,Argentina,A,2061.95
2024-12-01,4,Brazil,B,2019.85
2024-12-01,9,Uruguay,U,1818.61
2024-12-01,14,Colombia,C,1834.36
2024-12-01,26,Ecuador,E,1567.4
2024-12-01,6,England,E,1957.22
2024-12-01,25,Scotland,S,1559.81
2024-12-01,27,Wales,W,1514.99
2024-12-01,2,France,F,2035.67
2024-12-01,6,Germany,G,1859.7
2024-12-01,9,Netherlands,N,1904.47
2024-12-01,11,Belgium,B,1913.67
2024-12-01,10,Croatia,C,1863.23
2024-12-01,5,Spain,S,1932.52
2024-12-01,5,Portugal,P,1953.98
2024-12-01,12,Italy,I,1875.57
2024-12-01,16,Switzerland,S,1794.23
2024-12-01,14,Morocco,M,1752.03
2024-12-01,17,Senegal,S,1683.6
2024-12-01,36,Tunisia,T,1451.98
2024-12-01,34,Egypt,E,1498.54
2024-12-01,33,Nigeria,N,1458.61
2024-12-01,36,Ghana,G,1381.36
2024-12-01,38,Cameroon,C,1415.57
2024-12-01,38,Algeria,A,1426.96
2024-12-01,14,Japan,J,1725.93
2024-12-01,25,South Korea,SK,1659.68
2024-12-01,21,Iran,I,1645.11
2024-12-01,35,Saudi Arabia,SA,1373.07
2024-12-01,26,Australia,A,1594.79
2024-12-01,39,Qatar,Q,1363.5
2024-12-01,47,Iraq,I,1211.73
2024-12-01,47,Uzbekistan,U,1186.41
2024-12-01,19,Denmark,D,1735.89
2024-12-01,42,Sweden,S,1337.03
2024-12-01,42,Norway,N,1380.25
2024-12-01,25,Poland,P,1592.18
2024-12-01,18,Austria,A,1668.66
2024-12-01,21,Serbia,S,1592.22
2024-12-01,28,Turkey,T,1554.17
2024-12-01,44,Czech Republic,CR,1185.37
2024-12-01,45,Chile,C,1322.64
2024-12-01,40,Peru,P,1271.62
2024-12-01,45,Paraguay,P,1239.0
2024-12-01,46,Costa Rica,CR,1268.81
2025-03-01,41,Canada,C,1310.5
2025-03-01,15,Mexico,M,1724.34
2025-03-01,20,United States,US,1768.94
2025-03-01,1,Argentina,A,2056.21
2025-03-01,5,Brazil,B,1986.52
2025-03-01,10,Uruguay,U,1823.3
2025-03-01,11,Colombia,C,1787.47
2025-03-01,32,Ecuador,E,1514.5
2025-03-01,1,England,E,1979.77
2025-03-01,29,Scotland,S,1524.72
2025-03-01,30,Wales,W,1484.91
2025-03-01,4,France,F,1998.5
2025-03-01,7,Germany,G,1869.04
2025-03-01,7,Netherlands,N,1900.66
2025-03-01,5,Belgium,B,1887.23
2025-03-01,9,Croatia,C,1842.47
2025-03-01,3,Spain,S,1945.18
2025-03-01,9,Portugal,P,1972.94
2025-03-01,8,Italy,I,1851.54
2025-03-01,13,Switzerland,S,1805.18
2025-03-01,12,Morocco,M,1749.72
2025-03-01,17,Senegal,S,1673.83
2025-03-01,31,Tunisia,T,1458.38
2025-03-01,35,Egypt,E,1477.74
2025-03-01,32,Nigeria,N,1507.62
2025-03-01,34,Ghana,G,1404.36
2025-03-01,33,Cameroon,C,1402.2
2025-03-01,30,Algeria,A,1425.78
2025-03-01,16,Japan,J,1744.64
2025-03-01,27,South Korea,SK,1657.93
2025-03-01,26,Iran,I,1654.32
2025-03-01,34,Saudi Arabia,SA,1358.57
2025-03-01,22,Australia,A,1586.38
2025-03-01,35,Qatar,Q,1408.26
2025-03-01,45,Iraq,I,1247.32
2025-03-01,48,Uzbekistan,U,1209.17
2025-03-01,19,Denmark,D,1705.37
2025-03-01,43,Sweden,S,1307.26
2025-03-01,36,Norway,N,1362.94
2025-03-01,24,Poland,P,1591.81
2025-03-01,17,Austria,A,1641.7
2025-03-01,27,Serbia,S,1574.51
2025-03-01,27,Turkey,T,1561.25
2025-03-01,51,Czech Republic,CR,1198.43
2025-03-01,44,Chile,C,1297.52
2025-03-01,45,Peru,P,1303.22
2025-03-01,47,Paraguay,P,1290.35
2025-03-01,49,Costa Rica,CR,1229.78
2025-06-01,43,Canada,C,1329.61
2025-06-01,21,Mexico,M,1774.58
2025-06-01,14,United States,US,1762.22
2025-06-01,4,Argentina,A,2005.84
2025-06-01,1,Brazil,B,1975.48
2025-06-01,12,Uruguay,U,1875.94
2025-06-01,10,Colombia,C,1823.31
2025-06-01,30,Ecuador,E,1537.78
2025-06-01,4,England,E,1969.15
2025-06-01,30,Scotland,S,1527.11
2025-06-01,26,Wales,W,1490.09
2025-06-01,1,France,F,2010.5
2025-06-01,7,Germany,G,1898.43
2025-06-01,7,Netherlands,N,1916.75
2025-06-01,6,Belgium,B,1872.15
2025-06-01,11,Croatia,C,1862.26
2025-06-01,5,Spain,S,1959.07
2025-06-01,9,Portugal,P,1956.9
2025-06-01,11,Italy,I,1896.77
2025-06-01,17,Switzerland,S,1772.13
2025-06-01,11,Morocco,M,1762.18
2025-06-01,18,Senegal,S,1717.79
2025-06-01,30,Tunisia,T,1441.68
2025-06-01,28,Egypt,E,1463.54
2025-06-01,33,Nigeria,N,1519.09
2025-06-01,38,Ghana,G,1372.47
2025-06-01,35,Cameroon,C,1409.83
2025-06-01,38,Algeria,A,1441.61
2025-06-01,14,Japan,J,1756.38
2025-06-01,26,South Korea,SK,1605.74
2025-06-01,23,Iran,I,1632.54
2025-06-01,42,Saudi Arabia,SA,1342.62
2025-06-01,21,Australia,A,1593.22
2025-06-01,41,Qatar,Q,1367.87
2025-06-01,42,Iraq,I,1222.67
2025-06-01,51,Uzbekistan,U,1194.99
2025-06-01,22,Denmark,D,1701.24
2025-06-01,43,Sweden,S,1319.28
2025-06-01,40,Norway,N,1332.94
2025-06-01,22,Poland,P,1603.09
2025-06-01,18,Austria,A,1698.85
2025-06-01,28,Serbia,S,1595.34
2025-06-01,31,Turkey,T,1531.53
2025-06-01,52,Czech Republic,CR,1202.01
2025-06-01,46,Chile,C,1263.71
2025-06-01,41,Peru,P,1306.31
2025-06-01,46,Paraguay,P,1246.11
2025-06-01,48,Costa Rica,CR,1256.2
2025-09-01,41,Canada,C,1287.08
2025-09-01,16,Mexico,M,1715.52
2025-09-01,18,United States,US,1746.3
2025-09-01,1,Argentina,A,1999.93
2025-09-01,3,Brazil,B,1961.85
2025-09-01,9,Uruguay,U,1830.61
2025-09-01,12,Colombia,C,1810.23
2025-09-01,26,Ecuador,E,1540.88
2025-09-01,4,England,E,2012.33
2025-09-01,28,Scotland,S,1493.04
2025-09-01,27,Wales,W,1486.44
2025-09-01,1,France,F,1997.59
2025-09-01,12,Germany,G,1908.09
2025-09-01,6,Netherlands,N,1921.78
2025-09-01,6,Belgium,B,1935.74
2025-09-01,15,Croatia,C,1807.0
2025-09-01,8,Spain,S,1981.82
2025-09-01,7,Portugal,P,1950.18
2025-09-01,11,Italy,I,1894.54
2025-09-01,14,Switzerland,S,1803.39
2025-09-01,19,Morocco,M,1807.24
2025-09-01,21,Senegal,S,1699.21
2025-09-01,34,Tunisia,T,1457.87
2025-09-01,36,Egypt,E,1486.78
2025-09-01,30,Nigeria,N,1472.83
2025-09-01,32,Ghana,G,1397.37
2025-09-01,35,Cameroon,C,1407.97
2025-09-01,38,Algeria,A,1424.04
2025-09-01,20,Japan,J,1694.59
2025-09-01,23,South Korea,SK,1657.12
2025-09-01,22,Iran,I,1626.45
2025-09-01,36,Saudi Arabia,SA,1369.85
2025-09-01,23,Australia,A,1644.65
2025-09-01,36,Qatar,Q,1381.5
2025-09-01,44,Iraq,I,1251.82
2025-09-01,51,Uzbekistan,U,1204.41
2025-09-01,21,Denmark,D,1724.98
2025-09-01,42,Sweden,S,1334.66
2025-09-01,39,Norway,N,1318.68
2025-09-01,24,Poland,P,1590.61
2025-09-01,18,Austria,A,1691.25
2025-09-01,21,Serbia,S,1595.49
2025-09-01,29,Turkey,T,1539.78
2025-09-01,51,Czech Republic,CR,1219.49
2025-09-01,43,Chile,C,1324.63
2025-09-01,40,Peru,P,1262.56
2025-09-01,47,Paraguay,P,1284.54
2025-09-01,48,Costa Rica,CR,1269.95
2025-12-01,43,Canada,C,1318.19
2025-12-01,19,Mexico,M,1739.11
2025-12-01,15,United States,US,1747.05
2025-12-01,1,Argentina,A,2020.53
2025-12-01,4,Brazil,B,2002.54
2025-12-01,8,Uruguay,U,1824.05
2025-12-01,10,Colombia,C,1836.73
2025-12-01,24,Ecuador,E,1521.5
2025-12-01,6,England,E,1977.49
2025-12-01,26,Scotland,S,1558.41
2025-12-01,28,Wales,W,1544.43
2025-12-01,1,France,F,2011.98
2025-12-01,5,Germany,G,1862.34
2025-12-01,8,Netherlands,N,1936.51
2025-12-01,9,Belgium,B,1917.62
2025-12-01,9,Croatia,C,1801.83
2025-12-01,5,Spain,S,1948.11
2025-12-01,2,Portugal,P,1976.74
2025-12-01,7,Italy,I,1904.17
2025-12-01,10,Switzerland,S,1820.5
2025-12-01,14,Morocco,M,1800.27
2025-12-01,22,Senegal,S,1712.69
2025-12-01,36,Tunisia,T,1428.53
2025-12-01,32,Egypt,E,1482.08
2025-12-01,35,Nigeria,N,1462.02
2025-12-01,36,Ghana,G,1376.7
2025-12-01,38,Cameroon,C,1427.43
2025-12-01,34,Algeria,A,1414.02
2025-12-01,22,Japan,J,1697.73
2025-12-01,22,South Korea,SK,1649.23
2025-12-01,18,Iran,I,1646.54
2025-12-01,39,Saudi Arabia,SA,1377.55
2025-12-01,27,Australia,A,1639.72
2025-12-01,38,Qatar,Q,1415.62
2025-12-01,46,Iraq,I,1207.56
2025-12-01,49,Uzbekistan,U,1198.26
2025-12-01,18,Denmark,D,1728.6
2025-12-01,40,Sweden,S,1341.64
2025-12-01,38,Norway,N,1329.85
2025-12-01,24,Poland,P,1596.23
2025-12-01,17,Austria,A,1642.56
2025-12-01,22,Serbia,S,1575.34
2025-12-01,30,Turkey,T,1537.83
2025-12-01,45,Czech Republic,CR,1170.77
2025-12-01,43,Chile,C,1307.14
2025-12-01,42,Peru,P,1291.3
2025-12-01,46,Paraguay,P,1251.69
2025-12-01,49,Costa Rica,CR,1256.06
2026-03-01,41,Canada,C,1342.62
2026-03-01,16,Mexico,M,1771.69
2026-03-01,12,United States,US,1752.49
2026-03-01,3,Argentina,A,2010.4
2026-03-01,1,Brazil,B,1964.42
2026-03-01,11,Uruguay,U,1844.27
2026-03-01,16,Colombia,C,1813.45
2026-03-01,30,Ecuador,E,1565.86
2026-03-01,5,England,E,1974.47
2026-03-01,30,Scotland,S,1545.17
2026-03-01,32,Wales,W,1521.09
2026-03-01,1,France,F,1979.52
2026-03-01,7,Germany,G,1919.8
2026-03-01,9,Netherlands,N,1895.53
2026-03-01,9,Belgium,B,1881.37
2026-03-01,10,Croatia,C,1815.8
2026-03-01,8,Spain,S,1991.99
2026-03-01,5,Portugal,P,1957.45
2026-03-01,12,Italy,I,1837.69
2026-03-01,10,Switzerland,S,1807.21
2026-03-01,16,Morocco,M,1801.01
2026-03-01,21,Senegal,S,1678.6
2026-03-01,30,Tunisia,T,1454.8
2026-03-01,36,Egypt,E,1453.12
2026-03-01,29,Nigeria,N,1480.28
2026-03-01,40,Ghana,G,1386.14
2026-03-01,37,Cameroon,C,1447.27
2026-03-01,33,Algeria,A,1433.45
2026-03-01,14,Japan,J,1722.85
2026-03-01,27,South Korea,SK,1621.31
2026-03-01,25,Iran,I,1622.12
2026-03-01,39,Saudi Arabia,SA,1332.25
2026-03-01,21,Australia,A,1616.22
2026-03-01,39,Qatar,Q,1414.03
2026-03-01,45,Iraq,I,1251.62
2026-03-01,46,Uzbekistan,U,1200.45
2026-03-01,19,Denmark,D,1735.41
2026-03-01,36,Sweden,S,1352.17
2026-03-01,39,Norway,N,1340.64
2026-03-01,22,Poland,P,1584.15
2026-03-01,17,Austria,A,1652.53
2026-03-01,28,Serbia,S,1581.73
2026-03-01,23,Turkey,T,1559.1
2026-03-01,45,Czech Republic,CR,1207.17
2026-03-01,42,Chile,C,1296.47
2026-03-01,47,Peru,P,1306.79
2026-03-01,40,Paraguay,P,1258.12
2026-03-01,45,Costa Rica,CR,1258.82
2026-06-01,37,Canada,C,1311.76
2026-06-01,16,Mexico,M,1746.39
2026-06-01,20,United States,US,1747.13
2026-06-01,1,Argentina,A,2056.87
2026-06-01,5,Brazil,B,2000.25
2026-06-01,12,Uruguay,U,1829.41
2026-06-01,12,Colombia,C,1781.99
2026-06-01,30,Ecuador,E,1516.58
2026-06-01,3,England,E,2009.26
2026-06-01,25,Scotland,S,1499.96
2026-06-01,30,Wales,W,1486.83
2026-06-01,2,France,F,2026.03
2026-06-01,11,Germany,G,1864.33
2026-06-01,9,Netherlands,N,1903.29
2026-06-01,6,Belgium,B,1896.3
2026-06-01,12,Croatia,C,1820.66
2026-06-01,9,Spain,S,1973.41
2026-06-01,3,Portugal,P,1912.34
2026-06-01,8,Italy,I,1896.13
2026-06-01,10,Switzerland,S,1829.75
2026-06-01,12,Morocco,M,1799.51
2026-06-01,20,Senegal,S,1722.56
2026-06-01,30,Tunisia,T,1474.54
2026-06-01,33,Egypt,E,1447.5
2026-06-01,35,Nigeria,N,1489.57
2026-06-01,33,Ghana,G,1400.69
2026-06-01,35,Cameroon,C,1439.98
2026-06-01,35,Algeria,A,1458.23
2026-06-01,19,Japan,J,1703.35
2026-06-01,22,South Korea,SK,1639.17
2026-06-01,22,Iran,I,1669.77
2026-06-01,35,Saudi Arabia,SA,1400.45
2026-06-01,22,Australia,A,1593.21
2026-06-01,35,Qatar,Q,1385.55
2026-06-01,50,Iraq,I,1200.59
2026-06-01,48,Uzbekistan,U,1171.09
2026-06-01,21,Denmark,D,1728.49
2026-06-01,42,Sweden,S,1302.25
2026-06-01,43,Norway,N,1367.31
2026-06-01,28,Poland,P,1561.87
2026-06-01,20,Austria,A,1680.48
2026-06-01,28,Serbia,S,1619.14
2026-06-01,24,Turkey,T,1597.33
2026-06-01,47,Czech Republic,CR,1209.42
2026-06-01,45,Chile,C,1298.02
2026-06-01,46,Peru,P,1268.11
2026-06-01,45,Paraguay,P,1236.94
2026-06-01,41,Costa Rica,CR,1207.55
2026-09-01,40,Canada,C,1277.26
2026-09-01,18,Mexico,M,1710.2
2026-09-01,17,United States,US,1772.41
2026-09-01,3,Argentina,A,2049.48
2026-09-01,1,Brazil,B,2028.87
2026-09-01,14,Uruguay,U,1822.97
2026-09-01,10,Colombia,C,1822.63
2026-09-01,32,Ecuador,E,1564.63
2026-09-01,2,England,E,1976.14
2026-09-01,33,Scotland,S,1562.73
2026-09-01,31,Wales,W,1483.38
2026-09-01,1,France,F,2034.03
2026-09-01,10,Germany,G,1870.22
2026-09-01,11,Netherlands,N,1946.55
2026-09-01,8,Belgium,B,1873.73
2026-09-01,9,Croatia,C,1802.84
2026-09-01,5,Spain,S,1971.54
2026-09-01,4,Portugal,P,1955.71
2026-09-01,12,Italy,I,1904.95
2026-09-01,14,Switzerland,S,1786.8
2026-09-01,17,Morocco,M,1813.69
2026-09-01,24,Senegal,S,1680.46
2026-09-01,36,Tunisia,T,1442.59
2026-09-01,32,Egypt,E,1467.48
2026-09-01,27,Nigeria,N,1525.69
2026-09-01,37,Ghana,G,1379.93
2026-09-01,32,Cameroon,C,1445.87
2026-09-01,38,Algeria,A,1445.2
2026-09-01,15,Japan,J,1716.38
2026-09-01,20,South Korea,SK,1669.22
2026-09-01,23,Iran,I,1641.28
2026-09-01,35,Saudi Arabia,SA,1343.78
2026-09-01,23,Australia,A,1623.76
2026-09-01,34,Qatar,Q,1365.21
2026-09-01,46,Iraq,I,1208.8
2026-09-01,51,Uzbekistan,U,1221.84
2026-09-01,16,Denmark,D,1729.81
2026-09-01,44,Sweden,S,1360.46
2026-09-01,43,Norway,N,1333.8
2026-09-01,30,Poland,P,1593.05
2026-09-01,18,Austria,A,1699.67
2026-09-01,21,Serbia,S,1586.83
2026-09-01,29,Turkey,T,1535.51
2026-09-01,49,Czech Republic,CR,1169.83
2026-09-01,38,Chile,C,1268.58
2026-09-01,40,Peru,P,1307.43
2026-09-01,40,Paraguay,P,1230.48
2026-09-01,48,Costa Rica,CR,1207.98
2026-12-01,42,Canada,C,1305.42
2026-12-01,14,Mexico,M,1727.5
2026-12-01,20,United States,US,1789.65
2026-12-01,1,Argentina,A,2002.74
2026-12-01,1,Brazil,B,1973.96
2026-12-01,8,Uruguay,U,1861.16
2026-12-01,9,Colombia,C,1813.92
2026-12-01,26,Ecuador,E,1522.86
2026-12-01,8,England,E,1959.7
2026-12-01,31,Scotland,S,1493.37
2026-12-01,34,Wales,W,1536.26
2026-12-01,1,France,F,2013.49
2026-12-01,8,Germany,G,1857.16
2026-12-01,6,Netherlands,N,1931.93
2026-12-01,10,Belgium,B,1884.47
2026-12-01,16,Croatia,C,1819.49
2026-12-01,3,Spain,S,1953.32
2026-12-01,8,Portugal,P,1970.75
2026-12-01,10,Italy,I,1853.86
2026-12-01,11,Switzerland,S,1812.48
2026-12-01,15,Morocco,M,1790.38
2026-12-01,23,Senegal,S,1655.1
2026-12-01,30,Tunisia,T,1449.39
2026-12-01,31,Egypt,E,1491.27
2026-12-01,29,Nigeria,N,1497.36
2026-12-01,33,Ghana,G,1434.7
2026-12-01,34,Cameroon,C,1394.27
2026-12-01,30,Algeria,A,1419.16
2026-12-01,17,Japan,J,1743.14
2026-12-01,20,South Korea,SK,1648.88
2026-12-01,20,Iran,I,1686.57
2026-12-01,38,Saudi Arabia,SA,1398.16
2026-12-01,20,Australia,A,1628.63
2026-12-01,34,Qatar,Q,1407.1
2026-12-01,42,Iraq,I,1215.93
2026-12-01,48,Uzbekistan,U,1183.44
2026-12-01,17,Denmark,D,1683.29
2026-12-01,37,Sweden,S,1355.82
2026-12-01,40,Norway,N,1381.41
2026-12-01,28,Poland,P,1593.17
2026-12-01,21,Austria,A,1668.04
2026-12-01,24,Serbia,S,1625.04
2026-12-01,25,Turkey,T,1543.47
2026-12-01,49,Czech Republic,CR,1164.16
2026-12-01,41,Chile,C,1293.29
2026-12-01,43,Peru,P,1271.62
2026-12-01,44,Paraguay,P,1223.21
2026-12-01,48,Costa Rica,CR,1216.1
